codigo_planilha;cnpj;razao_social;nome_fantasia;email;motivo_inativacao;grupo_atendimento;data_cadastro_planilha;encontrado_no_crm;situacao_atual_crm
1477;27509167000139;JM COMERCIO FARMACEUTICO LTDA;FARMACIA PRECO BAIXO ALTO ALEGRE DOS PARECIS;juceliabalbinot@outlook.com.br;Loja foi vendida e novo dono aderiu a outro sistema;Empresas inativas;2017-07-13 11:57:29;false;
1503;11875129000160;FARMACIA POMERANA LTDA ME;FARMACIA POMERANA;fpomerana@gmail.com;Loja foi vendida e novo dono aderiu a outro sistema;Empresas inativas;2017-08-24 17:32:51;false;
1870;35307194000157;VIANA RESTAURANTE EIRELI;SOUZA RESTAURANTE;vilmarvianasouza01@gmail.com;Gerente não soube informar motivo do cancelamento.;Empresas inativas;2021-08-17 15:59:49;false;
1547;26529319000100;NUTRIFORT IND E COM DE INSUMOS P NUT ANI;NUTRIFORT NUTRICAO ANIMAL;nutrifortup@gmail.com;(sem motivo registrado);Empresas inativas;2018-01-08 13:25:54;false;
1514;05560089000245;CH COMERCIO FARMACEUTICO LTDA ME;FARMACIA BOM PRECO 2;fbp.loja2@hotmaill.com;Cliente não entrou em contato para cancelamento, apenas deixou de usar o sistema.;Empresas inativas;2017-09-06 15:43:40;false;
1815;54286712000148;ISRAEL COMERCIO DE MEDICAMENTOS LTDA;FARMACIAS PRECO BAIXO;precobaixohigienopolis@gmail.com;Cliente fechou a loja.;Empresas inativas;2021-01-26 12:13:11;false;
4;02066809000141;CARNEIRO E CARNEIRO LTDA;FARMAVIDA;ale.farmavida@hotmail.com;Cliente insatisfeito com erro do sistema.;Empresas inativas;2005-10-05 00:00:00;false;
854;05599910000156;LINK SERVICOS E COMERCIO LTDA EPP;LINK OFFICE;mlisboa853@gmail.com;Cliente fechou a loja.;Empresas inativas;2013-11-01 00:00:00;false;
855;30953186000164;DROGARIA CARVALHO REIS LTDA ME;FARMACIA CAPIXABA;farmaciacapixaba@hotmail.com;Cliente não entrou em contato para cancelamento, apenas deixou de usar o sistema.;Empresas inativas;2013-11-04 00:00:00;false;
856;14406163000183;DROGARIA BARBIERI LTDA ME;DROGARIA BARBIERI;admdrogariabarbieri@hotmail.com;(sem motivo registrado);Empresas inativas;2013-11-04 00:00:00;false;
14;00412472000151;DROGARIA DROGAJU;DROGAJU MATRIZ;paulareis17@hotmail.com;Cliente não entrou em contato para cancelamento, apenas deixou de usar o sistema.;Empresas inativas;2005-10-13 00:00:00;false;
28;01195309000147;DROGARIA SAUDE FARMA LTDA;GABI CAROL;drogabicarol@hotmail.com;Loja foi vendida e novo dono aderiu a outro sistema;Empresas inativas;2005-10-13 00:00:00;false;
788;27685791000197;FARMACIA DO TRABALHADOR DE GUACUI LTDA - ME;FARMACIA PREÇO BAIXO DE GUACUI;rctrabalhadores@gmail.com;(sem motivo registrado);Empresas inativas;2013-07-08 00:00:00;false;
1095;21441338000159;FARMACIA PRECO BAIXO DE TELEMACO BORBA LTDA;FARMACIA PRECO BAIXO DE TELEMACO BORBA;fpb.telemacoborba@gmail.com;Cliente não entrou em contato para cancelamento, apenas deixou de usar o sistema.;Empresas inativas;2015-03-11 00:00:00;false;
33;39346507000137;DROGARIA KAYROS LTDA;CENTRAL DROGARIA;drogariafarmed04@hotmail.com;Cliente não entrou em contato para cancelamento, apenas deixou de usar o sistema.;Empresas inativas;2005-10-14 00:00:00;false;
39;35956085000160;DROGARIA LINS DEPOLLO LTDA-ME;LINS DEPOLLO DROGARIA;linslipe@yahoo.com.br;Cliente fechou a loja.;Empresas inativas;2005-10-14 00:00:00;false;
45;36518866000136;GILMATEL MATERIAL DE CONSTRUÇÃO EIRELI;GILMATEL;gilmatel@yahoo.com.br;Cliente fechou a loja.;Empresas inativas;2005-10-18 00:00:00;false;
1072;29283994000182;ALINE MARCAL VERONEZ - ME;FARMACIA PRECO BAIXO IBAITI;veronez.aline@hotmail.com;Cliente não entrou em contato para cancelamento, apenas deixou de usar o sistema.;Empresas inativas;2015-01-23 00:00:00;false;
50;28445360000116;DEBORA LANGA CALIMAN ANDRADE ME;FARMACIA SAO PAULO;saopaulofarmacia@hotmail.com;Loja foi vendida e novo dono aderiu a outro sistema;Empresas inativas;2005-10-27 00:00:00;false;
949;20051938000148;FARMACIA PRECO BAIXO PRESIDENTE MEDICI LTDA EPP;FARMACIA PREÇO BAIXO DE PRESIDENTE MEDICI;medici.farmaciaprecobaixo@gmail.com;Contabilidade sugeriu que trocasse de sistema devido a parceria com outro sistema;Empresas inativas;2014-05-22 00:00:00;false;
950;18161501000115;D. S. BUSS - FARMACIA SALLES - ME;FARMACIA CENTRAL;maisbrasilrb@hotmail.com;Loja foi vendida e novo dono aderiu a outro sistema;Empresas inativas;2014-05-23 00:00:00;false;
58;05314254000106;J P ARAUJO PECAS LTDA;J.P. ARAUJO MECANICA;piresautopecas2021@gmail.com;Gerente não soube informar motivo do cancelamento.;Empresas inativas;2006-01-12 00:00:00;false;
62;11313196000190;PROTEJA EDUCACIONAL E AMBIENTAL LTDA-ME;CECÍLIA MEIRELES;cecilia.meireles@globo.com;(sem motivo registrado);Empresas inativas;2006-01-25 00:00:00;false;
1159;02285025000104;DROGARIA SAO CIPRIANO LTDA EPP;FARMACIA TREVO;farmaciatrevoad@hotmail.com;Contabilidade sugeriu que trocasse de sistema devido a parceria com outro sistema;Empresas inativas;2015-06-17 00:00:00;false;
1230;01269742000180;MARIA APARECIDA MARTINS DA SILVA ME;HIDRABELA;lallyscuidabemdevoce@hotmail.com;Finalização de obrigação fiscal.;Empresas inativas;2015-10-02 00:00:00;false;
78;07763059000180;DROGARIA PANCAS LTDA;CICI FARMACIA;drogariapancas@hotmail.com;(sem motivo registrado);Empresas inativas;2006-04-03 00:00:00;false;
109;08237181000186;DROGARIA IRMAOS NEVES LTDA ME;IPANEMA IRMAOS NEVES;irmaosneves@live.com;Fechamento da loja;Empresas inativas;2006-10-18 00:00:00;false;
124;31474166000173;BERALDO E COSTA LTDA EPP;FARMA CENTRO;farmaciaberaldoecosta@hotmail.com;Loja foi vendida e novo dono aderiu a outro sistema;Empresas inativas;2007-02-06 00:00:00;false;
125;07767471000179;DROGARIA YBC LTDA ME;FARMAVIDA MANTENOPOLIS;farmavida1245@hotmail.com;Cliente buscou sistema mais barato.;Empresas inativas;2007-02-24 00:00:00;false;
1093;19751637000148;C E F PRECO BAIXO LTDA;FARMACIA PRECO BAIXO DE MOJUI DOS CAMPOS;farmaciamojui@hotmail.com;Loja foi vendida e novo dono aderiu a outro sistema;Empresas inativas;2015-03-09 00:00:00;false;
141;03452825000135;A. SANTANA DA SILVA ME;FARMACIA SILVA MATRIZ;farmaciasilva@gmail.com;Cliente insatisfeito com erro do sistema.;Empresas inativas;2007-08-28 00:00:00;false;
1152;14685684000206;J M C CABRAL E CIA LTDA - ME;FARMACIA PRECO BAIXO URUARA FILIAL;fpb.uruara1@gmail.com;Mudança de sistema para o Procfit (migração de toda Preço Baixo);Empresas inativas;2015-06-05 00:00:00;false;
159;08211959000188;DRUMOND & BRAGATTO LTDA ME;IMPACTO;nibragatto@hotmail.com;(sem motivo registrado);Empresas inativas;2008-01-14 00:00:00;false;
1153;22849882000105;FARMACIA PRECO BAIXO ALMIRANTE BARROSO LTDA;FARMACIA PRECO BAIXO DE PORTO VELHO 5;fpb.portovelho05@gmail.com;Cliente não entrou em contato para cancelamento, apenas deixou de usar o sistema.;Empresas inativas;2015-06-08 00:00:00;false;
168;08687684000153;TESSINARI COMERCIO DE PRODUTOS FARMACEUTICOS LTDA;APART FARMA;apartfarma@yahoo.com.br;Migração para rede que não utiliza Prosystem.;Empresas inativas;2008-02-22 00:00:00;false;
171;39385521000140;FARMACIA E DROGARIA LEGAL LTDA;LEGAL FARMACIA;farmacialegal@hotmail.com;(sem motivo registrado);Empresas inativas;2008-03-14 00:00:00;false;
1330;23866970000170;FARMACIA PRECO BAIXO DE BIGUACU LTDA;FARMACIA PRECO BAIXO DE BIGUACU;fpb.biguacu@gmail.com;Cliente solicitou cancelamento, pois lojas desse mesmo sócio estão migrando para outro sistema.;Empresas inativas;2016-05-16 00:00:00;false;
180;03979884000166;SCHIRLEY PEREIRA BALDAN-ME;SCHIRLEY PLACAS;schirleypb@gmail.com;(sem motivo registrado);Empresas inativas;2008-04-07 00:00:00;false;
1327;24398529000173;R COLOMBI DA SILVA ME;DROGAMIL ITAPOA FILIAL;drogamilnet@hotmail.com;(sem motivo registrado);Empresas inativas;2016-05-06 00:00:00;false;
189;09492462000148;DROGARIA SAO JOSE LTDA ME;SAO JOSE DROGARIA;drogariasaojoseltda@hotmail.com;Cliente solicitou cancelamento, pois lojas desse mesmo sócio estão migrando para outro sistema.;Empresas inativas;2008-05-14 00:00:00;false;
1018;20684100000191;FARMACIA DO TRABALHADOR DE MARECHAL FLORIANO LTDA;FARMACIA PRECO BAIXO DE MARECHAL FLORIANO;precobaixomf@hotmail.com;Mudança de sistema para o Procfit (migração de toda Preço Baixo);Empresas inativas;2014-10-01 00:00:00;false;
196;08030635000143;DROGARIA SCHUWENCK LTDA ME;ATANER DROGARIA;farmaciaataner@hotmail.com;Fechamento da loja;Empresas inativas;2008-07-11 00:00:00;false;
197;03147682000158;DROGARIA VIDE BULA LTDA ME MEE;DROGARIA DO SILVINHO;dvidebula@gmail.com;(sem motivo registrado);Empresas inativas;2008-07-15 00:00:00;false;
1311;23310422000169;FARMACIA PRECO BAIXO ANDREAZZA LTDA EPP;FARMACIA PRECO BAIXO ANDREAZZA;fpb.ministroandreazza@gmail.com;Cliente insatisfeito com erro do sistema.;Empresas inativas;2016-03-17 00:00:00;false;
201;28478345000174;EVANIR FRANCISCO BOLSSONI ME;MOVEIS BOLSONI;bolsonimoveis@hotmail.com;(sem motivo registrado);Empresas inativas;2008-07-18 00:00:00;false;
895;02969585000188;DROGARIA MERCOSUL LTDA ME;FARMACIA PRECO BAIXO DE NOVA VENECIA;drogariavitoria21@gmail.com;Cliente solicitou cancelamento, pois lojas desse mesmo sócio estão migrando para outro sistema.;Empresas inativas;2014-02-18 00:00:00;false;
205;08078380000199;POSTO DE MEDICAMENTOS NOSSA SENHORA DE FATIMA LTD;GURIRI JAGUARE;drogariaguriri_jaguare@outlook.com;Fechamento da loja;Empresas inativas;2008-08-01 00:00:00;true;ATIVA
1213;12517482000211;FARMACIA E DROGARIA OK LTDA ME;FARMACIA PRECO BAIXO OK LARANJEIRAS;fpb.laranjeiras2@gmail.com;(sem motivo registrado);Empresas inativas;2015-08-27 00:00:00;false;
210;08079151000199;D-TRIGO COM.E IND.DE PANIFICACAO LTDA EPP;DELICIAS DO TRIGO MARIA ORTIZ;sc_contabil@yahoo.com.br;Cliente não entrou em contato para cancelamento, apenas deixou de usar o sistema.;Empresas inativas;2008-09-02 00:00:00;false;
211;31483647000145;HI TECH COMPONENTES EQUIP ELETRONICOS LTDA;HI TECH;hitechce@gmail.com;Cliente fechou a loja.;Empresas inativas;2008-09-12 00:00:00;false;
1154;21969199000130;DROGARIA DO CEBOLINHA LTDA ME;DROGARIA DO CEBOLINHA;farmaciacebolinha2019@gmail.com;Cliente não entrou em contato para cancelamento, apenas deixou de usar o sistema.;Empresas inativas;2015-06-08 00:00:00;false;
223;10623223000169;FARMACIA IRIRI LTDA - ME;FARMACIA LEOPOLDINENSE;farmacialeopoldinense@hotmail.com;Insatisfação com o suporte;Empresas inativas;2008-12-11 00:00:00;false;
967;23934872000122;DROGARIA REDENCAO LTDA ME;DROGARIA REDENCAO;drogariaredencaopontadafruta@hotmail.com;Loja foi vendida e novo dono aderiu a outro sistema;Empresas inativas;2014-06-25 00:00:00;false;
1116;08801891000197;FPB PACAJA COMERCIO DE MEDICAMENTOS LTDA;FARMACIA PRECO BAIXO DE PACAJA II;fpbpacaja@hotmail.com;Mudança de sistema para o Procfit (migração de toda Preço Baixo);Empresas inativas;2015-04-09 00:00:00;false;
943;10744176000101;DROGARIA DIVINA FARMA LTDA ME;DIVINA FARMA;divina_farma@hotmail.com;Cliente queria função que não existia no sistema.;Empresas inativas;2014-04-24 00:00:00;false;
238;00848392000143;DROGARIA TAQUARA LTDA ME;TAQUARA DROGARIA;farmacassaro@hotmail.com;(sem motivo registrado);Empresas inativas;2009-02-26 00:00:00;false;
1309;23855973000108;FARMACIA PRECO BAIXO DE FRANCA LTDA;FARMACIA PRECO BAIXO DE FRANCA;fpbfranca1@outlook.com;(sem motivo registrado);Empresas inativas;2016-03-11 00:00:00;false;
771;32433922000189;DROGARIA FABS LTDA ME;DROGARIA JUNIOR;brunevesgu@gmail.com;Contabilidade sugeriu que trocasse de sistema devido a parceria com outro sistema;Empresas inativas;2013-05-20 00:00:00;false;
1046;39621628000140;FAMA FARMACIA DE MANIPULACAO LTDA-ME;PHYTOFORMULA FARMACIA DE MANIPULACAO;cleber.111@hotmail.com;Cliente queria função que não existia no sistema.;Empresas inativas;2014-12-02 00:00:00;false;
246;09408529000113;AUTO SERVICO SANTA MARTHA LTDA ME;SANTA MARTA FRANGOS;santamarthafrangos2013@hotmail.com;Cliente solicitou cancelamento, pois lojas desse mesmo sócio estão migrando para outro sistema.;Empresas inativas;2009-03-26 00:00:00;false;
1301;22143351000194;FARMACIA DO TRABALHADOR DE MUCURI LTDA - ME;FARMACIA DO TRABALHADOR DE MUCURI;farmaciadotrabalhadordemucuri@hotmail.com;(sem motivo registrado);Empresas inativas;2016-02-26 00:00:00;false;
1302;15110969000192;DROGARIA M.C. MAURI LTDA ME;DROGARIA FAMILIAR MATRIZ;drogariafamiliarmimoso@hotmail.com;(sem motivo registrado);Empresas inativas;2016-03-01 00:00:00;false;
1303;08386755000188;MARCELO DE C. MAURI MEDICAMENTOS EIRELI - EPP;DROGARIA FAMILIAR FILIAL;drogariafamiliar01@hotmail.com;(sem motivo registrado);Empresas inativas;2016-03-01 00:00:00;false;
306;08699566000165;DROGARIA SERRANA LTDA ME;FARMACIA SILVA FILIAL;farmaciasilva@gmail.com;Cliente insatisfeito com erro do sistema.;Empresas inativas;2009-06-09 00:00:00;false;
905;07322284000181;A. D. DE SOUZA ME;MATERIAL DE CONSTRUCAO NUNES INDUSTRIA;suporte@prosystemnet.com.br;(sem motivo registrado);Empresas inativas;2014-02-24 00:00:00;false;
1166;22385713000153;FARMACIA PRECO BAIXO DE GUARAPARI LTDA;FARMACIA PRECO BAIXO DE GUARAPARI;fpb.guarapari@gmail.com;Cliente solicitou cancelamento, pois lojas desse mesmo sócio estão migrando para outro sistema.;Empresas inativas;2015-07-01 00:00:00;false;
1297;23238320000180;FARMACIA PRECO BAIXO DE JARDIM AMERICA LTDA;FARMACIA PRECO BAIXO DE JARDIM AMERICA;fpb.jamerica@gmail.com;Troca de cnpj, por outro que já era cliente. loja anterior fechou;Empresas inativas;2016-02-19 00:00:00;false;
314;00644449000192;DELLFARMA COMERCIO LTDA -EPP;BEAUTY COSMETICOS  FILIAL;drogsfarma@hotmail.com;(sem motivo registrado);Empresas inativas;2009-07-24 00:00:00;false;
1210;39408794000162;DROGARIA SARTORI LTDA ME;FARMACIA PRECO BAIXO DE VILA RICA I;fpb.cachoeiro5@gmail.com;(sem motivo registrado);Empresas inativas;2015-08-27 00:00:00;false;
1211;03802879000183;DROGARIA QUINTILIANO LTDA ME;FARMACIA PRECO BAIXO DE VILA RICA II;fpb.cachoeiro3@gmail.com;Cliente fechou a loja.;Empresas inativas;2015-08-27 00:00:00;false;
940;20380790000195;FARMACIA P B DE JARU 2 LTDA EPP;FARMACIA PREÇO BAIXO DE JARU 2;fpb.jaru2@gmail.com;Cliente solicitou cancelamento, pois lojas desse mesmo sócio estão migrando para outro sistema.;Empresas inativas;2014-04-17 00:00:00;false;
941;04914560000102;FARMACIA P. B. DE ARIQUEMES 02 LTDA - ME;FARMACIA PREÇO BAIXO DE ARIQUEMES 2;fpb.ariquemes2@gmail.com;Cliente não entrou em contato para cancelamento, apenas deixou de usar o sistema.;Empresas inativas;2014-04-22 00:00:00;false;
1310;23820568000154;FARMACIA PRECO BAIXO DE SAO JOAQUIM DA BARRA LTDA;FARMACIA PRECO BAIXO DE SAO JOAQUIM DA BARRA;fpbsjbarra@outlook.com;(sem motivo registrado);Empresas inativas;2016-03-11 00:00:00;false;
1312;04289016000117;FARMACIA BAIXO CUSTO LTDA;FARMACIA BAIXO CUSTO LTDA;farmaciabaixocusto@gmail.com;(sem motivo registrado);Empresas inativas;2016-03-18 00:00:00;false;
322;32393498000196;MAR E SOL LTDA;ARTPRINT PAPELARIA FILIAL;artprintpapel@gmail.com;Cliente fechou a loja.;Empresas inativas;2009-09-08 00:00:00;false;
323;00829154000190;ARTPRINT PAPELARIA LTDA;ARTPRINT PAPELARIA;artprintpapel@gmail.com;Cliente fechou a loja.;Empresas inativas;2009-09-08 00:00:00;false;
325;08816244000159;DROGARIA BCG LTDA ME;ECONOMIA DROGARIA;drogariabcg@hotmail.com;Cliente não entrou em contato para cancelamento, apenas deixou de usar o sistema.;Empresas inativas;2009-09-11 00:00:00;false;
1094;21557216000122;FARMACIA PRECO BAIXO DE MANDAGUARI LTDA;FARMACIA PRECO BAIXO DE MANDAGUARI;karllakassab@gmail.com;Cliente buscou sistema mais barato.;Empresas inativas;2015-03-11 00:00:00;false;
1316;17729077000108;DROGARIA FARMABEM LTDA ME;DROGARIA FARMABEM;suporte@prosystemnet.com.br;(sem motivo registrado);Empresas inativas;2016-03-30 00:00:00;false;
335;04217356000132;FLAVIO MATIAS ALMEIDA ME;DESCARTEM;descartem@hotmail.com;Insatisfação com o suporte;Empresas inativas;2009-10-23 00:00:00;false;
342;01391510000108;FARMACIA DA GENTE - EIRELI ME;Farmácia da gente;farmdagente@gmail.com;(sem motivo registrado);Empresas inativas;2009-12-01 00:00:00;false;
1337;24121807000140;ITA FARMA SUL LTDA EPP;DROGARIA ITAFARMA;consultsfarma@gmail.com;(sem motivo registrado);Empresas inativas;2016-06-09 00:00:00;false;
350;27445352000107;FARMACIA LISBOA LTDA ME;FARMACIA LISBOA;farmacialisboa@gmail.com;Cliente insatisfeito com erro do sistema.;Empresas inativas;2010-01-28 00:00:00;false;
1082;21396425000131;FARMACIA PRECO BAIXO DE SANTO ANTONIO LTDA ME;FARMACIA PRECO BAIXO SANTO ANTONIO;farmaciasprecobaixo80@gmail.com;Gerente não soube informar motivo do cancelamento.;Empresas inativas;2015-02-13 00:00:00;false;
1022;20956783000199;FARMACIA FERNANDES EIRELI ME;DROGARIA CORAMARA;drogariacoramara@gmail.com;Gerente não soube informar motivo do cancelamento.;Empresas inativas;2014-10-02 00:00:00;false;
357;11198666000112;DG DROGARIA LTDA ME;FARMA FACIL;farmafacil@hotmail.com.br;Cliente fechou a loja.;Empresas inativas;2010-02-20 00:00:00;false;
358;10198722000156;WM COMERCIO DE EMBALAGENS LTDA ME;WM DISTRIBUIDORA;wmembalagens@gmail.com;Cliente não entrou em contato para cancelamento, apenas deixou de usar o sistema.;Empresas inativas;2010-02-25 00:00:00;false;
363;39811740000143;DROGARIA J & J LTDA ME;ROCHA DROGARIA;farmaciarochaltda@gmail.com;Fechamento da loja;Empresas inativas;2010-03-22 00:00:00;false;
960;19778242000139;M J PRODUTOS FARMACEUTICOS LTDA - EPP;FARMACIA PREÇO BAIXO DE JI-PARANA 2;fpb.jiparana2@gmail.com;Cliente fechou a loja.;Empresas inativas;2014-06-10 00:00:00;false;
368;02555351000194;COMERCIAL INOVACAO LTDA;COMERCIAL INOVACAO;coml.inovacao@gmail.com;(sem motivo registrado);Empresas inativas;2010-05-06 00:00:00;false;
1314;23359127000105;FARMACIA PRECO BAIXO DE PARAISO DO TOCANTINS LTDA;FARMACIA PRECO BAIXO DE PARAISO DO TOCANTINS;fpb.paraisodotocantins@gmail.com;Cliente solicitou cancelamento, pois lojas desse mesmo sócio estão migrando para outro sistema.;Empresas inativas;2016-03-22 00:00:00;false;
1208;21685271000106;W SOARES DA SILVA ME;DROGARIA SOARES;drogariasoares2015@gmail.com;Cliente fechou a loja.;Empresas inativas;2015-08-24 00:00:00;false;
372;10653187000186;M C PEREIRA - DROGARIA CAMILO - ME;DROGARIA CAMILO;camiloguarapari@hotmail.com;(sem motivo registrado);Empresas inativas;2010-06-15 00:00:00;false;
1423;02148538000173;DROGARIA RUFFARMA LTDA ME;DROGARIA REPUBLICA;drogariaruffarma@gmail.com;Insatisfação com o suporte;Empresas inativas;2010-06-22 00:00:00;false;
376;11448026000113;UNIVERSO DOS CALCADOS, VEST. E ACESS. LTDA ME;CROCS SHOPPING VITORIA;crocs.vitoria@gmail.com;Contabilidade sugeriu que trocasse de sistema devido a parceria com outro sistema;Empresas inativas;2010-07-01 00:00:00;false;
377;07634036000176;MC ESQUADRIAS DE ALUMINIO LTDA ME;MC ESQUADRIAS DE ALUMINIO;mc.esquadria@gmail.com;Cliente fechou a loja.;Empresas inativas;2010-07-01 00:00:00;false;
1334;21486588000105;FPB NESTOR GOMES COMERCIO DE MEDICAMENTOS LTDA;FARMACIA PRECO BAIXO NESTOR GOMES;fpbnestorgomes@gmail.com;(sem motivo registrado);Empresas inativas;2016-05-25 00:00:00;false;
965;10340732000184;FARMACIA ELC LTDA;FARMACIA ESPIRITO SANTO;fespiritosanto2008@hotmail.com;Cliente solicitou cancelamento, pois lojas desse mesmo sócio estão migrando para outro sistema.;Empresas inativas;2014-06-18 00:00:00;false;
390;01386917000139;WANUZA CAMUZZI DE AGUIAR ME;OTICA VISTA LINDA;oticavistalinda@gmail.com;Mudanças internas da loja.;Empresas inativas;2010-08-19 00:00:00;true;INATIVA
392;27035054000149;LAURO LIMA E CIA LTDA;SAO JOSE FARMACIA ALEGRE;globalfarma500@gmail.com;Contabilidade sugeriu que trocasse de sistema devido a parceria com outro sistema;Empresas inativas;2010-08-30 00:00:00;false;
394;07615670000161;DEO CAR AUTO CENTER LTDA ME;DEO CAR;fabiomkcontabil@gmail.com;Cliente insatisfeito com erro do sistema.;Empresas inativas;2010-08-31 00:00:00;false;
876;39828751000136;JOALHERIA STEIN LTDA ME;JOALHERIA STEIN;ilidiatavarest@gmail.com;Cliente queria função que não existia no sistema.;Empresas inativas;2013-12-27 00:00:00;false;
400;08375452000160;ROGERIO COSTA RC GAS ME;RC GAS;rogeriocostaandriato@hotmail.com;(sem motivo registrado);Empresas inativas;2010-09-14 00:00:00;false;
402;08056322000164;ISAIAS SALEZZI SORVETERIA;K-BOM SABOR;kbomsabor@hotmail.com;Loja foi vendida e novo dono aderiu a outro sistema;Empresas inativas;2010-09-20 00:00:00;false;
407;05076269000175;CASA DAS PLACAS INDUSTRIA E COMERCIO LTDA ME;CASA DAS PLACAS;vendas@pontodasplacas.com.br;(sem motivo registrado);Empresas inativas;2010-10-05 00:00:00;false;
414;12773871000127;D M GOMES - FARMAVILA ME;FARMAVILA;farmavilasj@gmail.com;(sem motivo registrado);Empresas inativas;2010-11-01 00:00:00;false;
958;14001276000107;ONEFARM FARMACIA E MANIPULACAO LTDA;ONEFARM FARMACIA E MANIPULACAO LTDA;farmaciamanipularis@yahoo.com.br;Cliente não entrou em contato para cancelamento, apenas deixou de usar o sistema.;Empresas inativas;2014-06-05 00:00:00;false;
959;20718323000122;DROGARIA NOVA FARMA LTDA ME;DROGARIA NOVA FARMA;drogarianovafarma3@gmail.com;Gerente não soube informar motivo do cancelamento.;Empresas inativas;2014-06-06 00:00:00;false;
420;08716804000101;KL MODAS VARIEDADES LTDA ME;KL MODAS;leandrodias56@hotmail.com;(sem motivo registrado);Empresas inativas;2010-11-11 00:00:00;false;
425;04014755000104;DAMASCENO E MARQUES LTDA - ME;SUPERMERCADO DO FABRICIO;supermercadofabricio1@hotmail.com;Cliente solicitou cancelamento, pois lojas desse mesmo sócio estão migrando para outro sistema.;Empresas inativas;2010-11-24 00:00:00;false;
1038;19035111000161;DROGARIA SANTA CATARINA LTDA ME;FARMACIA SANTA CATARINA;santacatarina33@gmail.com;Cliente não entrou em contato para cancelamento, apenas deixou de usar o sistema.;Empresas inativas;2014-11-10 00:00:00;false;
789;07715175000124;GABRIELA SOUZA BARBOZA NIEIRO ME;MARI MAR;elias.s.barboza@hotmail.com;(sem motivo registrado);Empresas inativas;2013-07-11 00:00:00;false;
1013;17136592000176;DROGARIA DIVINA FARMA DE IUNA LTDA ME;DROGARIA DIVINA FARMA IUNA;divinafarmaiuna@hotmail.com;Cliente queria função que não existia no sistema.;Empresas inativas;2014-09-22 00:00:00;false;
1450;12355530000131;MARLIN AZUL IMOVEIS E COMERCIO LTDA EPP;MARLIN AZUL IMOVEIS;raphaeldsfernandes@gmail.com;(sem motivo registrado);Empresas inativas;2010-12-01 00:00:00;false;
430;12917627000190;DROGARIA OPCAO LTDA ME;DROGARIA OPCAO;drogariaopcaocachoeiro@gmail.com;(sem motivo registrado);Empresas inativas;2010-12-06 00:00:00;false;
1241;03885907000173;FARMACIA SEGATO LTDA ME;FARMACIA PRECO BAIXO DE ARACRUZ III;precobaixoaracruz@gmail.com;Cliente solicitou cancelamento, pois lojas desse mesmo sócio estão migrando para outro sistema.;Empresas inativas;2015-10-21 00:00:00;true;INATIVA
1084;21744575000199;DROGARIA LUMA SILVA LTDA ME;DROGARIA LUMA;drogarialuma@hotmail.com;(sem motivo registrado);Empresas inativas;2015-02-20 00:00:00;false;
1155;17144405000104;FPB RIO MARIA COMERCIO DE MEDICAMENTOS LTDA;FARMACIA PRECO BAIXO RIO MARIA;fpb.riomaria@gmail.com;Mudança de sistema para o Procfit (migração de toda Preço Baixo);Empresas inativas;2015-06-09 00:00:00;false;
57;36046068000159;ASSOC DE PAIS E AMIGOS DOS EXCEPCIONAIS-APAE;APAE CARIACICA;adm_apaecariacica@yahoo.com.br;(sem motivo registrado);Empresas inativas;2005-12-16 00:00:00;false;
443;07901009000112;FARMACIA PARIZ BIZI LTDA EPP;ZILDA FARMACIA;parizbizi@hotmail.com;Insatisfação com o suporte;Empresas inativas;2011-01-27 00:00:00;false;
446;07360790000165;BARBOSA MORELATO E CIA LTDA EPP;FARMACIA AVENIDA;drogsantacruz@hotmail.com;Cliente não entrou em contato para cancelamento, apenas deixou de usar o sistema.;Empresas inativas;2011-02-02 00:00:00;false;
449;13186686000107;DROGARIA A. F. LOPES EIRELI - EPP;FARMACIA NOVA BRASILIA;drogarianovabrasilia@hotmail.com;Insatisfação com o suporte;Empresas inativas;2011-02-22 00:00:00;false;
450;07317892000106;DROGARIA ITAGUACU LTDA ME;SANTA CLARA FARMACIA;farmstclara@hotmail.com;(sem motivo registrado);Empresas inativas;2011-02-23 00:00:00;false;
1157;14685684000117;J M C CABRAL E CIA LTDA ME -;FARMACIA PRECO BAIXO URUARÁ MATRIZ;fpb.uruara1@gmail.com;Mudança de sistema para o Procfit (migração de toda Preço Baixo);Empresas inativas;2015-06-16 00:00:00;false;
1349;15287736000160;CLIC SOLUCOES EDUCACIONAIS E CORPORATIVAS LTDA ME;ZOOM EDUCATION;financeiro@clicsolution.com.br;(sem motivo registrado);Empresas inativas;2016-07-12 00:00:00;false;
456;00243756000161;GABRIEL & CIA LTDA ME;QUITANDA E PAO NOSSO;quitandapaonosso@hotmail.com;Cliente queria função que não existia no sistema.;Empresas inativas;2011-03-04 00:00:00;false;
1088;21557142000124;FARMACIA PRECO BAIXO DE JANDAIA DO SUL LTDA;FARMACIA PRECO BAIXO DE JANDAIA DO SUL;precobaixojandaia@gmail.com;(sem motivo registrado);Empresas inativas;2015-03-03 00:00:00;false;
1618;27551290000118;FARMACIA DINIZFAR LTDA;CONTORNO FARMACIA;farmaciacontorno@gmail.com;Migração para rede que não utiliza Prosystem.;Empresas inativas;2011-03-23 00:00:00;false;
464;13447205000161;GS GUIMARARES PRODUTOS NATURAIS ME;DISTRIBUIDORA GUIMARAES;distguimaraes@gmail.com;(sem motivo registrado);Empresas inativas;2011-04-14 00:00:00;false;
466;07430520000183;SAO SILVESTRE COM PR FARM HOSPITALARES LTDA ME;SAO SILVESTRE MATRIZ;sao_silvestre@hotmail.com;Cliente queria função que não existia no sistema.;Empresas inativas;2011-04-25 00:00:00;false;
467;31809916000110;DROGARIA SAO SILVESTRE LTDA EPP;SAO SILVESTRE FILIAL 02;sao_silvestre@hotmail.com;Cliente queria função que não existia no sistema.;Empresas inativas;2011-04-25 00:00:00;false;
474;13595363000169;FEFARMA DROGARIA LTDA ME;FEFARMA DROGARIA;fefarmadrogaria@hotmail.com;Loja foi vendida e novo dono aderiu a outro sistema;Empresas inativas;2011-05-18 00:00:00;false;
475;13510740000110;DROGARIA LUA E SOL LTDA ME;LUA E SOL DROGARIA;drogarialuaesol@hotmail.com;Cliente queria função que não existia no sistema.;Empresas inativas;2011-05-19 00:00:00;true;INATIVA
476;13314882000101;DROGARIA PRINCIPAL LTDA ME;AVENIDA CASTELO FARMACIA;financeiro_farmaciasavenida@hotmail.com;Contabilidade sugeriu que trocasse de sistema devido a erros frequentes nos arquivos fiscais.;Empresas inativas;2011-05-19 00:00:00;false;
888;19579246000198;PAPELARIA COELHO LTDA ME;JAFEIR PAPELARIA ESCRITORIO;papelariacoelho01@gmail.com;Cliente não entrou em contato para cancelamento, apenas deixou de usar o sistema.;Empresas inativas;2014-02-05 00:00:00;false;
480;13314838000100;DROGARIA BLUE PHARMA LTDA - ME;AVENIDA CASTELO FARMACIA;financeiro_farmaciasavenida@hotmail.com;Contabilidade sugeriu que trocasse de sistema devido a erros frequentes nos arquivos fiscais.;Empresas inativas;2011-05-19 00:00:00;false;
486;04808678000156;JORGE LUIZ PINHEIRO DOS SANTOS ME;ESQUADRIA PINHEIRO;esquadriapinheiro.pinheiro@gmail.com;(sem motivo registrado);Empresas inativas;2011-06-13 00:00:00;false;
1252;28230065000142;FPB ITAPUA COMERCIO DE MEDICAMENTOS LTDA EPP;FARMACIA PRECO BAIXO DE ITAPUA;fpb.vilavelhacentro@gmail.com;(sem motivo registrado);Empresas inativas;2015-10-28 00:00:00;false;
1333;24547193000163;FPB GOIOERE COMERCIO DE MEDICAMENTOS LTDA EPP;FARMACIA PRECO BAIXO GOIOERE;fpb.goioere@gmail.com;Fechamento da loja;Empresas inativas;2016-05-19 00:00:00;false;
1215;22871709000103;FARMACIA PRECO BAIXO DE JOSE DE ANCHIETA LTDA;FARMACIA PREÇO BAIXO DE JOSE DE ANCHIETA;fpb.josedeanchieta@gmail.com;Mudança de sistema para o Procfit (migração de toda Preço Baixo);Empresas inativas;2015-09-02 00:00:00;false;
911;19697180000130;FPB BRACO DO RIO COMERCIO DE MEDICAMENTOS LTDA ME;FARMACIA PREÇO BAIXO DE BRACO DO RIO;farmaciadotrabalhadorbr@gmail.com;Cliente queria função que não existia no sistema.;Empresas inativas;2014-03-14 00:00:00;false;
1173;22426592000140;DROGASUL EIRELI ME;DROGASUL;drogasulcachoeiro@hotmail.com;Cliente fechou a loja.;Empresas inativas;2015-07-13 00:00:00;false;
1175;10145691000175;DROGARIA E PERFUMARIA RAPIDFARMA LTDA ME;FARMACIA PRECO BAIXO DE NOVO HORIZONTE;rapidfarma@yahoo.com;Cliente fechou a loja.;Empresas inativas;2015-07-14 00:00:00;false;
499;11226519000109;DROGARIA CENTRO LTDA EPP;GAIA DROGARIA;drogariacentrosp@gmail.com;(sem motivo registrado);Empresas inativas;2011-07-15 00:00:00;false;
852;06336785000154;MARINETE DA GLORIA PIANISSOLA ME;ALMA COSMETICOS;alma-cosmeticos@hotmail.com;Contabilidade sugeriu que trocasse de sistema devido a parceria com outro sistema;Empresas inativas;2013-10-30 00:00:00;false;
1089;15308968000157;VILMAR DOS SANTOS;FARMACIA PRECO BAIXO DE ALTAMIRA;vilmar01@live.com;(sem motivo registrado);Empresas inativas;2015-03-03 00:00:00;false;
504;02798954000389;DROGARIA GARCIA LTDA EPP;DROGARIA SAO PAULO;manipulacaosaopaulobnh@gmail.com;Cliente queria função que não existia no sistema.;Empresas inativas;2011-07-27 00:00:00;false;
509;13940784000180;VITORIA PHARMA MEDICAMENTOS & COSMETICOS LTDA ME;VITORIA PHARMA;vitoriapharmaadm@outlook.com;Fechamento da loja;Empresas inativas;2011-08-10 00:00:00;false;
796;18300168000188;FPB BAIXO GUANDU COMERCIO DE MEDICAMENTOS LTDA;FARMACIA PREÇO BAIXO DE BAIXO GUANDU;fpb.baixoguandu@gmail.com;Cliente solicitou cancelamento, pois lojas desse mesmo sócio estão migrando para outro sistema.;Empresas inativas;2013-07-18 00:00:00;false;
797;18393214000130;FARMACIA DO TRABALHADOR DE SANTA MARIA DE JETIBA L;FARMACIA PREÇO BAIXO DE SANTA MARIA DE JETIBA;ftsmj@hotmail.com;Mudança de sistema para o Procfit (migração de toda Preço Baixo);Empresas inativas;2013-07-18 00:00:00;false;
520;11514902000162;DROGARIA RR LTDA - ME;FARMACIA DO TREVO CAPUABA;drogariarr@hotmail.com;(sem motivo registrado);Empresas inativas;2011-09-15 00:00:00;false;
522;12545087000161;MARCIO TULIO CARDOSO RANGEL ME;AQUA SPORT CENTRO;aquasportboutique@hotmail.com;(sem motivo registrado);Empresas inativas;2011-09-19 00:00:00;false;
527;10719734000189;DROGARIA ALEIXO LTDA ME;DROGARIA ALEIXO;aleixodrogaria@yahoo.com.br;(sem motivo registrado);Empresas inativas;2011-10-04 00:00:00;false;
1114;21406386000106;FARMACIA PRECO BAIXO ALTO PARAISO LTDA EPP;FARMACIA PRECO BAIXO ALTO PARAISO;fpb.altoparaiso@gmail.com;(sem motivo registrado);Empresas inativas;2015-04-08 00:00:00;false;
1115;21935623000126;DROGARIA ANA CLARA LTDA ME;DROGARIA ANDORINHAS;farmafacil@hotmail.com.br;Migração para rede que não utiliza Prosystem.;Empresas inativas;2015-04-08 00:00:00;false;
532;01340461000176;ACOUGUE FRIGOLEX LTDA ME;ACOUGUE FRIGOLEX;frigolex2@hotmail.com;Cliente queria função que não existia no sistema.;Empresas inativas;2011-10-11 00:00:00;false;
980;42748738000181;C & G FARMA DRUGSTORE LTDA;NOVA FARMACIA DO TRABALHADOR VICOSA;farmaciadotrabalhadornv@gmail.com;Loja foi vendida e novo dono aderiu a outro sistema;Empresas inativas;2014-07-17 00:00:00;false;
537;10873105000109;DROGARIA MILAINE LTDA ME;MICHELLI DROGARIA FILIAL III;drogariamilaine@yahoo.com.br;Loja foi vendida e novo dono aderiu a outro sistema;Empresas inativas;2011-10-14 00:00:00;false;
1356;25289878000110;MARIA DE LOURDES PEREIRA BAUER ME;SORVETE NO PALITO;financeiro@prosystemnet.com.br;(sem motivo registrado);Empresas inativas;2016-08-05 00:00:00;false;
541;09238160000148;DROGARIA AURORA LTDA ME;AURORA FARMACIA;farmaciaurora@hotmail.com;(sem motivo registrado);Empresas inativas;2011-10-20 00:00:00;false;
542;36324846000124;CARLOS ALBERTO SILVA SAMPAIO-ME;COMERCIAL SAMPAIO;sampaiocwme@hotmail.com;Cliente fechou a loja.;Empresas inativas;2011-10-24 00:00:00;false;
794;12820230000186;DROGARIA SANTOS COMERCIO DE MEDICAMENTOS LTDA;FARMACIA RAIANI;farmaciamouraesilva@outlook.com;Loja foi vendida e novo dono aderiu a outro sistema;Empresas inativas;2013-07-17 00:00:00;false;
1149;10934538000127;VITORIA ENVIDRACAMENTO DE VARANDAS LTDA EPP;VITORIA VARANDAS;vitoriavarandas@vitoriavarandas.com.br;Cliente fechou a loja.;Empresas inativas;2015-06-01 00:00:00;false;
550;08455389000171;DROGARIA SAO GUILHERME LTDA EPP;DROGARIA NOVA;drogaria-nova@hotmail.com;(sem motivo registrado);Empresas inativas;2011-11-10 00:00:00;false;
557;14568998000130;JB TINTAS AUTOM.E IMOBIL.E MAT.DE CONSTR. LTDA-ME;JB TINTAS;jbtinta@gmail.com;Cliente fechou a loja.;Empresas inativas;2011-11-25 00:00:00;false;
816;18561835000186;FARMACIA DO TRABALHADOR DE CASTELO LTDA;FARMACIA PRECO BAIXO DE CASTELO;f.trabalhadorescastelo@hotmail.com;Mudança de sistema para o Procfit (migração de toda Preço Baixo);Empresas inativas;2013-08-19 00:00:00;false;
1011;20515613000179;FPB NOVA PORTO VELHO COMÉRCIO DE MEDICAMENTOS LTDA;FARMACIA PRECO BAIXO DE PORTO VELHO 8;fpb.portovelho8@gmail.com;Cliente não entrou em contato para cancelamento, apenas deixou de usar o sistema.;Empresas inativas;2014-09-22 00:00:00;false;
563;28477370000133;DROGARIA SUZER LTDA ME;RIO DOCE FARMACIA;farmariodoce@hotmail.com;Cliente fechou a loja.;Empresas inativas;2011-12-01 00:00:00;false;
1357;24627024000133;PADARIA DI GRANO - EIRELI ME;DI GRANO;suporte@prosystemnet.com.br;(sem motivo registrado);Empresas inativas;2016-08-05 00:00:00;false;
844;05217407000199;JOSE ANTONIO TRENTO ME;COMERCIAL BARRETO;barretocomercial@hotmail.com;(sem motivo registrado);Empresas inativas;2013-10-09 00:00:00;false;
566;14380191000179;DROGARIA BINDACO LTDA ME;SAO BENTO FARMACIA;braidofabricio@bol.com.br;(sem motivo registrado);Empresas inativas;2011-12-09 00:00:00;false;
568;14618855000195;DROGARIA JOAO XXIII LTDA EPP;GAIA DROGARIA FILIAL;drogariacentrosp@gmail.com;(sem motivo registrado);Empresas inativas;2011-12-12 00:00:00;false;
569;09478890000205;ORTOVIT COMERCIO DE ARTIGOS ORTOPEDICOS E CALC;DR SCHOLLS VILA VELHA;centroortopedicovt@hotmail.com;Insatisfação com o suporte;Empresas inativas;2011-12-12 00:00:00;false;
582;05009812000111;L A LABORATORIO FARMACEUTICO LTDA ME;LIVE FARMA MANIPULAÇÃO;la.laboratoriofilial@gmail.com;Cliente não entrou em contato para cancelamento, apenas deixou de usar o sistema.;Empresas inativas;2012-01-06 00:00:00;false;
586;31793227000165;JOSUE GOMES DE BRITO;DANIELLY - FARMACIA E DROGARIA;farmaciadanielly@hotmail.com;(sem motivo registrado);Empresas inativas;2012-01-16 00:00:00;false;
587;11418024000181;N. J. DE CASTRO NERIS - ME;DROGARIA MAE-BA;neuj@msn.com;(sem motivo registrado);Empresas inativas;2012-01-17 00:00:00;false;
1852;19949456000120;DROGARIA ALTO VILLAGE LTDA ME;DROGARIA GUIMARAES;drogarianovoparquenf@hotmail.com;Loja foi vendida e novo dono aderiu a outro sistema;Empresas inativas;2012-01-18 00:00:00;false;
590;08356433000196;NETOS FARMA COMERCIAL LTDA ME;NETOS FARMACIA;netosfarma@gmail.com;Cliente não entrou em contato para cancelamento, apenas deixou de usar o sistema.;Empresas inativas;2012-01-20 00:00:00;false;
591;14795042000170;DROGARIA ARCARI LTDA ME;DROGARIA ARCARI;drogariaarcari@gmail.com;Cliente buscou sistema mais barato.;Empresas inativas;2012-01-24 00:00:00;false;
594;14617599000111;S & S DROGARIA LTDA ME;FarmaDias;drogariafarmed05@hotmail.com;Cliente não entrou em contato para cancelamento, apenas deixou de usar o sistema.;Empresas inativas;2012-02-02 00:00:00;false;
601;05840872000181;DROGARIA ELSHADAY LTDA ME;EL SHADAY DROGARIA;el-shadayitaoca@hotmail.com;Contabilidade sugeriu que trocasse de sistema devido a parceria com outro sistema;Empresas inativas;2012-02-09 00:00:00;false;
1641;24907582000152;FPB CENTRO DE VITORIA COMERCIO DE MEDICAMENTOS LTD;FARMACIA PREÇO BAIXO DO CENTRO DE VITORIA;fpbcentrovitoria@outlook.com;Contabilidade sugeriu que trocasse de sistema devido a parceria com outro sistema;Empresas inativas;2016-08-15 00:00:00;false;
1364;24778939000140;DSFARMA DROGARIA LTDA ME;DSFARMA DROGARIA LTDA ME;serrafarma2021@gmail.com;Gerente não soube informar motivo do cancelamento.;Empresas inativas;2016-08-15 00:00:00;false;
609;12308582000157;DROGARIA R & M LTDA ME;BELIQUE FARMA CARIACICA;drogariarem@ig.com.br;(sem motivo registrado);Empresas inativas;2012-03-02 00:00:00;false;
1078;21424392000196;FARMACIA PRECO BAIXO PVH LTDA EPP;FARMACIA PRECO BAIXO DE PORTO VELHO 4;fpb.portovelho4@gmail.com;Cliente não entrou em contato para cancelamento, apenas deixou de usar o sistema.;Empresas inativas;2015-02-12 00:00:00;false;
610;09478890000116;ORTOVIT COM DE ART ORTOPED E CALCADOS LTDA ME;DR SCHOLLS VITORIA;centroortopedicovt@hotmail.com;Insatisfação com o suporte;Empresas inativas;2012-03-02 00:00:00;false;
611;13184151000199;DROGARIA SANTA CLARA LTDA ME;FARMA VIDA;dsta_clara@hotmail.com;(sem motivo registrado);Empresas inativas;2012-03-06 00:00:00;false;
1160;15284809000160;FPB ANAPU COMERCIO DE MEDICAMENTOS LTDA;FARMACIA PRECO BAIXO DE ANAPU;fpb.anapu@gmail.com;Mudança de sistema para o Procfit (migração de toda Preço Baixo);Empresas inativas;2015-06-18 00:00:00;false;
615;15042441000123;FERREIRA E AGUIAR DROGARIA LTDA ME;DROGAMILA;droga-mila@hotmail.com;(sem motivo registrado);Empresas inativas;2012-03-16 00:00:00;false;
617;12586485000126;FARMACIA DU LU EIRELI ME;FARMACIA DULU;drogariapharmavip@hotmail.com;(sem motivo registrado);Empresas inativas;2012-03-20 00:00:00;false;
620;05511911000105;DROGARIA DI MINGO LTDA ME;DROGARIA NOVO PARQUE;drogarianovoparquenf@hotmail.com;Fechamento da loja;Empresas inativas;2012-03-26 00:00:00;false;
1169;22336040000141;FARMACIA PRECO BAIXO DE ITABERAI LTDA;FARMACIA PRECO BAIXO DE ITABERAI;fpb.itaberai@gmail.com;Mudança de sistema para o Procfit (migração de toda Preço Baixo);Empresas inativas;2015-07-01 00:00:00;false;
752;30976732000182;CHIRLEY DE LOURDES LOPES LOURENCO - ME;DROGARIA GARRIDO;drogariagarrido@hotmail.com;Loja foi vendida e novo dono aderiu a outro sistema;Empresas inativas;2013-03-25 00:00:00;false;
942;07334491000156;MARIA JOSE DA SILVA - BOMPHOTO ME;BOM PHOTO;zezebomphoto@hotmail.com;Fechamento da loja;Empresas inativas;2014-04-23 00:00:00;false;
632;30162113000154;DROGRARIA FILHOS E NETO LTDA ME;RAIANI;farmaciajrfarma@outlook.com;Cliente fechou a loja.;Empresas inativas;2012-05-03 00:00:00;false;
1214;22678375000148;FARMACIA PRECO BAIXO DE FEU ROSA LTDA;FARMACIA PRECO BAIXO DE FEU ROSA;fpb.feurosa@gmail.com;Mudança de sistema para o Procfit (migração de toda Preço Baixo);Empresas inativas;2015-08-31 00:00:00;false;
638;15485371000188;HAOBO MATERIAIS DE CONSTRUCAO LTDA ME;HAOBO;zhuang.haobo@hotmail.com;Loja foi vendida e novo dono aderiu a outro sistema;Empresas inativas;2012-05-16 00:00:00;false;
639;07351522000187;ARMARINHO E PAPELARIA PIZETTA LTDA ME;ARMARINHO E PAPELARIA VITORIA;pap.vitoria@hotmail.com;Cliente fechou a loja.;Empresas inativas;2012-05-16 00:00:00;false;
641;11064336000134;MEDFARMA DROGARIA LTDA ME;MEDFARMA;jaidson_1@hotmail.com;Loja foi vendida e novo dono aderiu a outro sistema;Empresas inativas;2012-05-25 00:00:00;false;
893;17957571000111;FPB SAO GABRIEL DA PALHA COMERCIO DE MEDICAMENTOS LTDA ME;FARMACIA PRECO BAIXO DE SAO GABRIEL DA PALHA;farmaciacabraleduarte@outlook.com;Cliente não entrou em contato para cancelamento, apenas deixou de usar o sistema.;Empresas inativas;2014-02-18 00:00:00;false;
643;27399963000166;BIANCARDI & FIGUEIREDO LTDA;FARMACIA PROGRESSO;farmacia.progresso@yahoo.com.br;(sem motivo registrado);Empresas inativas;2012-05-29 00:00:00;false;
645;07822578000172;GM DISTRIBUIDORA DE SONHOS LTDA ME;DOCE FESTA;atendimentodocefesta@gmail.com;(sem motivo registrado);Empresas inativas;2012-05-31 00:00:00;false;
646;15145150000160;FABRICIO SILVA - PAPELARIA AVENIDA ME;PAPELARIA AVENIDA;papelariaavenida.2012@yahoo.com.br;(sem motivo registrado);Empresas inativas;2012-05-31 00:00:00;false;
651;15570829000105;MUSCLE CENTER-SUPLEMENTOS ESPORTIVOS LTDA ME;MUSCLE CENTER;suporte@prosystemnet.com.br;(sem motivo registrado);Empresas inativas;2012-06-13 00:00:00;false;
653;05695375000137;DROGARIA ZIVIANI LTDA ME;PHARMED FILIAL 02;farmaciapharmed@yahoo.com.br;(sem motivo registrado);Empresas inativas;2012-06-18 00:00:00;false;
654;15596548000113;DROGARIA GALERIA LTDA EPP;SAO PAULO DROGARIA;manipulacaosaopaulobnh@gmail.com;Cliente fechou a loja.;Empresas inativas;2012-06-19 00:00:00;false;
655;16860808000189;FARMACIA BRASILEIRA DO POVO LTDA ME;FARMACIA DO POVO;farmaciasupervida@gmail.com;(sem motivo registrado);Empresas inativas;2012-06-21 00:00:00;false;
938;20540372000118;FARMACIA PRECO BAIXO DE COLORADO DO OESTE LTDA  E;FARMACIA PRECO BAIXO DE COLORADO DO OESTE;farcoloradopb@gmail.com;Cliente não entrou em contato para cancelamento, apenas deixou de usar o sistema.;Empresas inativas;2014-04-16 00:00:00;false;
1329;17818159000110;VIX DIVISORIAS LTDA ME;VIX DIVISORIAS;gerencia@fiberfort.com.br;(sem motivo registrado);Empresas inativas;2016-05-06 00:00:00;false;
1319;20248378000116;GOLDEN ERA COMERCIO DE ROUPAS LTDA ME;GOLDEN ERA COMPANY;lcbeirao@hotmail.com;(sem motivo registrado);Empresas inativas;2016-04-15 00:00:00;false;
660;35574978000141;FARMA JARDIM ITAPEMIRIM EIRELI;IBC FARMA DROGARIA;jardimitapemirim@outlook.com;Troca de cnpj, por outro que já era cliente. loja anterior fechou;Empresas inativas;2012-07-09 00:00:00;false;
661;15778413000179;DROGARIA LUA E SOL II LTDA ME;DROGARIA POPULAR;drogarialuaesol2@hotmail.com;(sem motivo registrado);Empresas inativas;2012-07-12 00:00:00;false;
663;47395514000157;FARMARIM MANIPULACAO LTDA;FARMARIM MATRIZ;ormandomarimxml@hotmail.com;Cliente fechou a loja.;Empresas inativas;2012-07-23 00:00:00;false;
666;16103781000180;LUCIANO JOSE MARTINS ME;FARMACIA SAO JOSE;farmacias.joseita@hotmail.com;Cliente queria função que não existia no sistema.;Empresas inativas;2012-07-30 00:00:00;false;
668;13288301000104;OFICINA DO ACO LTDA ME;OFICINA DO ACO LTDA ME;ENGENHARIAGREGORIO@GMAIL.COM;(sem motivo registrado);Empresas inativas;2012-08-06 00:00:00;false;
1061;22761027000130;FARMACIA DROGAMIL LTDA;FARMACIA PRECO BAIXO ITAUNA MATRIZ;financeirofpb.itauna@gmail.com;(sem motivo registrado);Empresas inativas;2015-01-12 00:00:00;false;
1062;22761027000300;FARMACIA DROGAMIL LTDA -;FARMACIA PRECO BAIXO ITAUNA FILIAL;fpb.itauna2@gmail.com;(sem motivo registrado);Empresas inativas;2015-01-12 00:00:00;false;
1318;33516288000100;KAREN MEDICAMENTOS CRUZEIRO DO SUL LTDA;FPB JARDIM AMERICA;karenmedicamentos@gmail.com;Loja foi vendida e novo dono aderiu a outro sistema;Empresas inativas;2016-04-14 00:00:00;false;
676;16586522000157;DROGARIA PLANALTO LTDA-ME;PLANALTO DROGARIA;paulossiqueira@hotmail.com.br;Fechamento da loja;Empresas inativas;2012-08-22 00:00:00;false;
886;19422390000116;FARMACIA DO TRABALHADOR DE ITAPEMIRIM LTDA - ME;FARMACIA PREÇO BAIXO DE ITAPEMIRIM;ftitaipava@hotmail.com;Mudança de sistema para o Procfit (migração de toda Preço Baixo);Empresas inativas;2014-01-28 00:00:00;false;
680;15626084000140;ILUMINACAO ORIENTAL INTERNACIONAL LTDA - ME;ILUMINACAO ORIENTAL;ilumina.time@hotmail.com;Cliente não entrou em contato para cancelamento, apenas deixou de usar o sistema.;Empresas inativas;2012-08-30 00:00:00;false;
681;04965082000160;VITRINE MOVEIS LTDA;VITRINE MOVEIS;marcio.vitrine@hotmail.com;(sem motivo registrado);Empresas inativas;2012-08-30 00:00:00;false;
686;12336231000150;STAR LINE COMERCIAL EIRELI ME;STAR LINE;nix.atendimento@gmail.com;(sem motivo registrado);Empresas inativas;2012-09-10 00:00:00;false;
691;16751500000103;DROGARIA A & B LTDA ME;DROGARIA BIOFARMA;biofarma.drogaria@hotmail.com;Insatisfação com o suporte;Empresas inativas;2012-09-17 00:00:00;false;
692;35486595000111;FARMACIA 6D LTDA;DROGARIA SIQUARA;6ddrogarias@gmail.com;Cliente não entrou em contato para cancelamento, apenas deixou de usar o sistema.;Empresas inativas;2012-09-19 00:00:00;false;
853;04842771000187;ANGELA ROSA MEZADRI ME;LARISSA COSMETICOS;financeiro@prosystemnet.com.br;(sem motivo registrado);Empresas inativas;2013-10-30 00:00:00;false;
699;31783418000146;DROGARIA CAMATA LTDA EPP;FARMACIA DO POVO;gilson1805@hotmail.com;Cliente fechou a loja.;Empresas inativas;2012-10-29 00:00:00;false;
703;09400831000125;MARCELO COSTA OTTONI ME;MF INFORMATICA;mf_support@hotmail.com;(sem motivo registrado);Empresas inativas;2012-11-07 00:00:00;false;
704;17120337000135;PAPEL PICOTE LTDA - ME;PAPEL PICOTE TOYS;papelpicotetoys@hotmail.com;Cliente fechou a loja.;Empresas inativas;2012-11-09 00:00:00;false;
1010;20866852000173;FARMACIA PRECO BAIXO DE NOVA BRASILANDIA DO OESTE;FARMACIA PRECO BAIXO DE NOVA BRASILANDIA OESTE;precobaixobrasilandia@hotmail.com;Cliente não entrou em contato para cancelamento, apenas deixou de usar o sistema.;Empresas inativas;2014-09-22 00:00:00;false;
709;17132802000158;DROGARIA G. B. B. LTDA - ME;DROGARIA ALICE;weverton@prosystemnet.com.br;Loja foi vendida e novo dono aderiu a outro sistema;Empresas inativas;2012-11-13 00:00:00;false;
710;18021244000116;DROGARIA E PERFUMARIA ANTONINA LTDA. - ME;MAMERI DROGARIA;deborav.s@hotmail.com;Cliente não entrou em contato para cancelamento, apenas deixou de usar o sistema.;Empresas inativas;2012-11-14 00:00:00;false;
714;17193232000106;DROGARIA BRILHO LTDA - EPP;SAO PAULO - SAO MATEUS FILIAL NOVA;manipulacaosaopaulobnh@gmail.com;Cliente fechou a loja.;Empresas inativas;2012-12-10 00:00:00;false;
1535;17125465000171;BELLA CHICK LTDA ME;BELLA CHICK;lojabellachick@hotmail.com;Cliente não entrou em contato para cancelamento, apenas deixou de usar o sistema.;Empresas inativas;2012-12-11 00:00:00;false;
717;97520079000113;M DE PAIVA PIRES ME;FABRICA DE TOCOS;piresautopecas2021@gmail.com;Cliente fechou a loja.;Empresas inativas;2012-12-13 00:00:00;false;
718;02212107000129;DROGARIA VARETTO LTDA ME;SANTO ANTONIO F03;farmaciasantoantonio1@hotmail.com;Fechamento da loja;Empresas inativas;2012-12-18 00:00:00;false;
724;12615997000173;LENOCAR COMERCIO E SERVICOS AUTOMOTIVO LTDA ME;LENOCAR;lenocar.es@hotmail.com;(sem motivo registrado);Empresas inativas;2013-01-08 00:00:00;false;
1835;17252708000132;FARMACIA PRECO BAIXO DE ALECRIM LTDA - ME;FARMACIA PRECO BAIXO DE ALECRIM;alecrim.fpb@gmail.com;Loja foi vendida e novo dono aderiu a outro sistema;Empresas inativas;2013-01-09 00:00:00;false;
727;13111410000151;DROGARIA MARAPE LTDA ME;DROGARIA MARAPE;drogariamarape@hotmail.com;Cliente solicitou cancelamento, pois lojas desse mesmo sócio estão migrando para outro sistema.;Empresas inativas;2013-01-14 00:00:00;false;
729;36323848000107;DROGARIA SAO JUDAS TADEU LTDA EPP;SAO JUDAS TADEU DROGARIA;drogariasjt1992@yahoo.com.br;(sem motivo registrado);Empresas inativas;2013-01-16 00:00:00;false;
1242;36001568000174;FPB CENTRAL ARACRUZ COMERCIO DE MEDICAMENTOS LTDA;FARMACIA PRECO BAIXO DE ARACRUZ II;fpb.aracruz2@gmail.com;Troca de cnpj, por outro que já era cliente. loja anterior fechou;Empresas inativas;2015-10-21 00:00:00;false;
731;17213537000132;DROGARIA SANTANA E CINTRA LTDA ME;UNIPHARMA;drogariaunifarma571@hotmail.com;(sem motivo registrado);Empresas inativas;2013-01-18 00:00:00;false;
732;11519711000193;D M S BAPTISTA ME;D+ ACESSORIOS;dmaisacessorios25@yahoo.com.br;(sem motivo registrado);Empresas inativas;2013-01-18 00:00:00;false;
1834;21685161000136;FARMACIA PRECO BAIXO DE COBILANDIA LTDA ME;FARMACIA PRECO BAIXO DE COBILANDIA;fpb.cobilandia@gmail.com;Cliente solicitou cancelamento, pois lojas desse mesmo sócio estão migrando para outro sistema.;Empresas inativas;2015-05-28 00:00:00;false;
913;36071774000150;FARMACIA PRECO BAIXO DE ITAMARANDIBA LTDA;FARMACIA PRECO BAIXO DE ITAMARANDIBA;farmaciaprecobaixoita@gmail.com;Cliente fechou a loja.;Empresas inativas;2014-03-16 00:00:00;false;
743;17678119000110;DROGARIA PRIMO LTDA ME;FARMACIA SAUDE COMPLETA;drogariaprimo@gmail.com;Fechamento da loja;Empresas inativas;2013-03-07 00:00:00;false;
745;39789383000164;MARCOS A. DE OLIVEIRA CAMARA LTDA;FPB NOVA BRASILIA;fpbnovabrasilia@gmail.com;Troca de cnpj, por outro que já era cliente. loja anterior fechou;Empresas inativas;2013-03-15 00:00:00;false;
1024;07207455000121;CARAVELAS AUTO SERVICO LTDA ME;PADARIA CARAVELAS;caravelaspadaria@gmail.com;(sem motivo registrado);Empresas inativas;2014-10-08 00:00:00;false;
791;09544292000106;DROGARIA MILANEZ LTDA - ME;FARMACIA E MANIPULACAO DU POVO TRABALHADOR;milanezmilamaria@hotmail.com;Cliente solicitou cancelamento, pois lojas desse mesmo sócio estão migrando para outro sistema.;Empresas inativas;2013-07-15 00:00:00;false;
748;17350217000124;DROGARIA TIGRE LTDA ME;DROGARIA  ECONOMICA;drogariatigre@hotmail.com;(sem motivo registrado);Empresas inativas;2013-03-20 00:00:00;false;
751;07218179000105;DROGACENTER LTDA ME;DROGACENTER;droga_center2010@hotmail.com;Contabilidade sugeriu que trocasse de sistema devido a erros frequentes nos arquivos fiscais.;Empresas inativas;2013-03-22 00:00:00;false;
759;00304588000177;MERKATO DISTRIBUIDORA LTDA;SUPERMERCADO MERCATO;merkatoltda@hotmail.com;(sem motivo registrado);Empresas inativas;2013-03-28 00:00:00;false;
755;15343779000115;FARMACIA POP BEIRA RIO EIRELI ME;DROGARIA MELHOR PRECO;popfarmabeirario@gmail.com;Migração para rede que não utiliza Prosystem.;Empresas inativas;2013-03-28 00:00:00;false;
756;22156802000128;HIPER FARMA MELHOR PRECO LTDA ME;DROGARIA MELHOR PRECO;hiperfarma.melhorpreco@gmail.com;Migração para rede que não utiliza Prosystem.;Empresas inativas;2013-03-28 00:00:00;false;
815;13494367000150;DROGARIA SERRA EIRELI - ME;FARMACIA CENTRAL;drogariapharmavip@hotmail.com;(sem motivo registrado);Empresas inativas;2013-08-19 00:00:00;false;
1305;24197638000122;FPB NOVO MEXICO COMERCIO DE MEDICAMENTOS LTDA;FARMACIA PRECO BAIXO ULISSES GUIMARAES;fpb.gloria2@gmail.com;Mudança de sistema para o Procfit (migração de toda Preço Baixo);Empresas inativas;2016-03-04 00:00:00;false;
768;29753198000166;DROGARIA OASIS LTDA. ME;DROGARIA SAO VICENTE;oasisdrogaria@gmail.com;Cliente fechou a loja.;Empresas inativas;2013-04-22 00:00:00;false;
763;09339936000973;LOOSE FARMA DROGARIA E PERFUMARIA LTDA ME;FARMACIA BARCELONA;fpb.loosefarma@gmail.com;Loja foi vendida e novo dono aderiu a outro sistema;Empresas inativas;2013-04-11 00:00:00;false;
910;11211991000178;FARMACIA DO TRABALHADOR DE AFONSO CLAUDIO LTDA ME;FARMACIA PREÇO BAIXO DE AFONSO CLAUDIO;farmaciadotrabalhadorafclaudio@gmail.com;Mudança de sistema para o Procfit (migração de toda Preço Baixo);Empresas inativas;2014-03-10 00:00:00;false;
765;13663326000140;LINK CENTRE SOLUCOES DE T.I LTDA ME;LINK CENTRE;carlos@linkcentre.com.br;(sem motivo registrado);Empresas inativas;2013-04-17 00:00:00;false;
1354;23318276000118;FPB CARLOS GOMES PVH COMERCIO DE MEDICAMENTOS LTDA;FARMACIA PRECO BAIXO PORTO VELHO 12;fpb.portovelho12@gmail.com;(sem motivo registrado);Empresas inativas;2016-07-27 00:00:00;false;
1358;23854705000171;KADJA HAYANE AIRES DA SILVA EIRELI EPP;FARMACIA ULTRA PREÇO BAIXO;ultraprecobaixosorriso@outlook.com;(sem motivo registrado);Empresas inativas;2016-08-09 00:00:00;false;
1359;13539082000199;SUDESTE TECNOLOGIA COMERCIO E SERVICOS LTDA ME;SUDESTE TECNOLOGIA;central@sudestetecnologia.com.br;(sem motivo registrado);Empresas inativas;2016-08-10 00:00:00;false;
1126;16383755000152;BEM CUIDADO LTDA ME;BEM CUIDADO;robertoacarbo@hotmail.com;Cliente não entrou em contato para cancelamento, apenas deixou de usar o sistema.;Empresas inativas;2015-04-24 00:00:00;false;
773;03217134000157;DROGA ATIVA DROGARIA LTDA ME;DROGATIVA;droga.ativa@hotmail.com;(sem motivo registrado);Empresas inativas;2013-05-27 00:00:00;false;
777;39805353000102;JEAN CARLOS BARBOSA ME;DROGARIA SAO FRANCISCO;farmdrogsaofrancisco@gmail.com;(sem motivo registrado);Empresas inativas;2013-06-03 00:00:00;false;
825;18239868000104;FABRICA DE VELAS DO AMOR DIVINO LTDA ME;FABRICA DE VELAS DO AMOR DIVINO;velasamordivino@gmail.com;(sem motivo registrado);Empresas inativas;2013-09-11 00:00:00;false;
817;33797679000140;REPUBLICA COMERCIO DE EMBALAGENS LTDA;REPUBLICA EMBALAGENS;repembalagens17@gmail.com;Cliente fechou a loja.;Empresas inativas;2013-08-20 00:00:00;false;
802;18472270000160;FARMACIA DO TRABALHADOR DE ANCHIETA LTDA ME;FARMACIA PRECO BAIXO DE ANCHIETA;trabalhadoranchieta@outlook.com;Mudança de sistema para o Procfit (migração de toda Preço Baixo);Empresas inativas;2013-08-01 00:00:00;false;
1165;21709406000118;FPB VILHENA 3 COMERCIO DE MEDICAMENTOS LTDA;FARMACIA PREÇO BAIXO DE VILHENA 3;fpb.vilhena3@gmail.com;Cliente não entrou em contato para cancelamento, apenas deixou de usar o sistema.;Empresas inativas;2015-06-26 00:00:00;false;
1029;20863204000163;FARMACIA DO TRAB DE SANTO ANTONIO DO AMPARO R MINE;FARMACIA PRECO BAIXO DE S ANTONIO DO AMPARO;precobaixoamparo@gmail.com;Insatisfação com o suporte;Empresas inativas;2014-10-23 00:00:00;false;
806;06241262000124;DROGARIA REAL LTDA ME;DROGARIA REAL;drogaria.real@hotmail.com;Cliente insatisfeito com erro do sistema.;Empresas inativas;2013-08-05 00:00:00;false;
809;18184223000111;F. PAIVA DA SILVA EIRELI ME;DROGARIA LAUREDO;drog.lauredo@hotmail.com;(sem motivo registrado);Empresas inativas;2013-08-09 00:00:00;false;
1030;21163996000126;FARMACIA PRECO BAIXO DE ALEGRE LTDA ME;FARMACIA PRECO BAIXO DE ALEGRE;pb.alegre@outlook.com;mudou pra Procfit;Empresas inativas;2014-10-23 00:00:00;false;
1298;23029738000187;FARMACIA PRECO BAIXO DE GOIANIA LTDA;FARMACIA PRECO BAIXO DE GOIANIA;fpb.goiania@gmail.com;(sem motivo registrado);Empresas inativas;2016-02-19 00:00:00;false;
1299;13822377000178;LOJAS MULTIBABY LTDA EPP;LOJAS MULTIBABY;financeiro@lojasmultibaby.com.br;(sem motivo registrado);Empresas inativas;2016-02-19 00:00:00;false;
813;07263305000135;DROGARIA FAZOLI LTDA ME;DROGARIA FUTURA;conveniodrogariafutura@gmail.com;Migração para rede que não utiliza Prosystem.;Empresas inativas;2013-08-12 00:00:00;false;
819;18669819000101;WESLEY REPOSSI ALPOIM EIRELI;WM DISTRIBUIDORA FILIAL;wmembalagens@gmail.com;Cliente não entrou em contato para cancelamento, apenas deixou de usar o sistema.;Empresas inativas;2013-09-05 00:00:00;false;
832;18747418000122;FARMACIA DO TRABALHADOR DE IBATIBA LTDA - ME;FARMACIA PRECO BAIXO DE IBATIBA;ftibatibaes@hotmail.com;Insatisfação com o suporte;Empresas inativas;2013-09-15 00:00:00;false;
842;11202393000132;FARDIN ROMANELO COMERCIAL LTDA ME;FARDIN;fardinimportados@yahoo.com.br;Cliente buscou sistema mais barato.;Empresas inativas;2013-10-07 00:00:00;false;
836;03014191000139;FARMACIA MANIP NOVA FORMULA LTDA ME;NOVA FORMULA;novaformulafinanceiro@gmail.com;Contabilidade sugeriu que trocasse de sistema devido a erros frequentes nos arquivos fiscais.;Empresas inativas;2013-09-17 00:00:00;false;
839;02372462000246;VALDOIR LAURIANO DA SILVA ME.;FARMACIA MATEUS MATRIZ;farmasaopedro1@hotmail.com;(sem motivo registrado);Empresas inativas;2013-09-30 00:00:00;false;
840;18368884000105;DROGARIA FAZ LTDA - EPP;FUTURA DROGARIA II;vanessatirello@gmail.com;(sem motivo registrado);Empresas inativas;2013-10-02 00:00:00;false;
939;12538865000195;PHARMIL LTDA ME;PHARMIL;pharmilxml56@yahoo.com;Contabilidade sugeriu que trocasse de sistema devido a erros frequentes nos arquivos fiscais.;Empresas inativas;2014-04-16 00:00:00;false;
850;18902328000169;FARMACIA DO TRABALHADOR DE SAO SILVANO LTDA ME;FARMACIA PRECO BAIXO DE SAO SILVANO;ftrabalhadorsaosilvano@gmail.com;Mudança de sistema para o Procfit (migração de toda Preço Baixo);Empresas inativas;2013-10-25 00:00:00;false;
859;07158861000141;IBITIFARMA FARMACIA E DROGARIA LTDA EPP;IBITIFARMA;ibitifarma@hotmail.com;Cliente não entrou em contato para cancelamento, apenas deixou de usar o sistema.;Empresas inativas;2013-11-11 00:00:00;false;
1180;22807123000171;DELMONDES COMERCIO E SERVICOS EIRELI ME;FARMACIA DO CONSUMIDOR;farconsumidor@gmail.com;Migração para rede que não utiliza Prosystem.;Empresas inativas;2015-07-21 00:00:00;true;INATIVA
963;20376875000108;FARMACIA LEOPOLDINENSE LTDA - ME;FARMACIA LEOPOLDINENSE 2;farmaleopoldinense@hotmail.com;Insatisfação com o suporte;Empresas inativas;2014-06-13 00:00:00;false;
877;19172414000126;EVANDRO TRABACH DA ROCHA ME;FARMACIA TRABACH;evandrotrabach@gmail.com;(sem motivo registrado);Empresas inativas;2014-01-06 00:00:00;false;
909;09595821000192;PHARMA DROGARIA LTDA ME;SOS PHARMA;contatososfarmacia@gmail.com;Cliente solicitou cancelamento, pois lojas desse mesmo sócio estão migrando para outro sistema.;Empresas inativas;2014-03-10 00:00:00;false;
896;02900137000128;MATERIAIS DE CONSTRUCAO NUNES LTDA ME;MATERIAL DE CONSTRUCAO NUNES;mcnunes_es@hotmail.com;(sem motivo registrado);Empresas inativas;2014-02-19 00:00:00;false;
869;07770832000136;MARINO VIEIRA ME;M. LOCACAO DE MAQUINAS;maquinasmarino@hotmail.com;Finalização de obrigação fiscal.;Empresas inativas;2013-12-12 00:00:00;false;
870;19246798000184;FARMACIA PRECO BAIXO DE MANTENOPOLIS LTDA ME;FARMACIA PREÇO BAIXO DE MANTENOPOLIS;ftramantenopolis@gmail.com;Cliente não entrou em contato para cancelamento, apenas deixou de usar o sistema.;Empresas inativas;2013-12-16 00:00:00;false;
871;19284185000131;FARMACIA DO TRABALHADOR DE ICONHA LTDA ME;FARMACIA PREÇO BAIXO DE ICONHA;farmaciatrabalhadoriconha@hotmail.com;Mudança de sistema para o Procfit (migração de toda Preço Baixo);Empresas inativas;2013-12-16 00:00:00;false;
872;19246847000189;FARMACIA DO TRABALHADOR DE MUNIZ FREIRE LTDA - ME;FARMACIA PREÇO BAIXO DE MUNIZ FREIRE;fpb.munizfreire@gmail.com;mudou pra Procfit;Empresas inativas;2013-12-16 00:00:00;false;
873;19295174000157;FARMACIA DO TRABALHADOR DE MARATAIZES LTDA - ME;FARMACIA PRECO BAIXO DE MARATAIZES;stefanny.m.a@hotmail.com;Cliente fechou a loja.;Empresas inativas;2013-12-16 00:00:00;false;
954;07036066000261;ACEZ FARMACIA LTDA ME;PHARMED FILIAL 04;pharmedzanata@hotmail.com;(sem motivo registrado);Empresas inativas;2014-05-29 00:00:00;false;
878;19422523000154;FPB BOA ESPERANCA COMERCIO DE MEDICAMENTOS LTDA ME;FARMACIA PREÇO BAIXO DE BOA ESPERANCA;ftrabalhadorbe@gmail.com;Gerente não soube informar motivo do cancelamento.;Empresas inativas;2014-01-07 00:00:00;false;
894;18043857000154;FARMACIA DUARTE LTDA ME;FARMACIA PRECO BAIXO DE NOVA VENECIA;ft-novavenecia@hotmail.com;Cliente solicitou cancelamento, pois lojas desse mesmo sócio estão migrando para outro sistema.;Empresas inativas;2014-02-18 00:00:00;false;
892;08199220000106;PADARIA FORNALHA LTDA ME;PADARIA FORNALHA;padariafornalha@terra.com.br;Loja foi vendida e novo dono aderiu a outro sistema;Empresas inativas;2014-02-18 00:00:00;false;
897;11899955000149;FARMACIA PRECO BAIXO DE CACHOEIRO DE ITAPEMIRIM;FARMACIA PRECO BAIXO DE CACHOEIRO;fpb.cachoeirodeitapemirim2@gmail.com;(sem motivo registrado);Empresas inativas;2014-02-19 00:00:00;false;
900;02662979000199;FARMACIA FLEXAL COMERCIO DE MEDICAMENTOS LTDA - ME;FARMACIA FLEXAL;farmaciaflexal@yahoo.com.br;Migração para rede que não utiliza Prosystem.;Empresas inativas;2014-02-21 00:00:00;false;
901;19473083000164;FARMACIA DO TRABALHADOR DE DOMINGOS MARTINS LTDA M;FARMACIA PRECO BAIXO DE DOMINGOS MARTINS;fpb.domingosmartins@gmail.com;Cliente solicitou cancelamento, pois lojas desse mesmo sócio estão migrando para outro sistema.;Empresas inativas;2014-02-21 00:00:00;false;
902;07602158000180;DROGARIA JOAO NEIVA LTDA ME;FARMACIA SAO PAULO JOAO NEIVA;fsp.joaoneiva@gmail.com;Cliente não entrou em contato para cancelamento, apenas deixou de usar o sistema.;Empresas inativas;2014-02-21 00:00:00;false;
903;27075878000142;DROGARIA SARDENBERG LTDA ME;FARMACIA PREÇO BAIXO DE CACHOEIRO II;fpb.cachoeirodeitapemirim1@gmail.com;Cliente fechou a loja.;Empresas inativas;2014-02-22 00:00:00;false;
906;19729076000180;FARMACIA DO TRABALHADOR DE PADRE PARAISO LTDA - ME;FARMACIA PRECO BAIXO DE PADRE PARAISO;fdotrabalhadorpadreparaiso@gmail.com;(sem motivo registrado);Empresas inativas;2014-02-27 00:00:00;false;
928;19124090000150;FARMACIA PRECO BAIXO DE JARU LTDA EPP;FARMACIA PREÇO BAIXO DE JARU 1;fpb.jaru1@gmail.com;Gerente não soube informar motivo do cancelamento.;Empresas inativas;2014-03-18 00:00:00;false;
916;10715476000162;FARMACIA PRECO BAIXO DE ARIQUEMES LTDA - EPP;FARMACIA PRECO BAIXO DE ARIQUEMES 1;fpb.ariquemes1@gmail.com;Cliente não entrou em contato para cancelamento, apenas deixou de usar o sistema.;Empresas inativas;2014-03-16 00:00:00;false;
919;19289721000191;FARMACIA PRECO BAIXO DE ESPIGAO DO OESTE LTDA EPP;FARMACIA PRECO BAIXO DE ESPIGAO DO OESTE;farmaciaprecobaixoespigao@hotmail.com;Mudança de sistema para o Procfit (migração de toda Preço Baixo);Empresas inativas;2014-03-16 00:00:00;false;
920;19199445000170;FARMACIA PRECO BAIXO DE OURO PRETO DO OESTE LTDA;FARMACIA PRECO BAIXO DE OURO PRETO DO OESTE;fpb.ouropretodooeste@gmail.com;Contabilidade sugeriu que trocasse de sistema devido a parceria com outro sistema;Empresas inativas;2014-03-16 00:00:00;false;
921;19199172000164;FARMACIA PRECO BAIXO DE PIMENTA BUENO LTDA - EPP;FARMACIA PRECO BAIXO DE PIMENTA BUENO;fpb.pimentabueno@gmail.com;Cliente solicitou cancelamento, pois lojas desse mesmo sócio estão migrando para outro sistema.;Empresas inativas;2014-03-16 00:00:00;false;
923;22857262000100;SP COMERCIO DE PRODUTOS FARMACEUTICOS LTDA - ME;FARMACIA PRECO BAIXO DE CACOAL II;farmaciaprecobaixo2@gmail.com;(sem motivo registrado);Empresas inativas;2014-03-16 00:00:00;false;
924;01863917000182;DMS COMERCIO DE MEDICAMENTOS LTDA-ME;FARMACIA PRECO BAIXO DE MACHADINHO DOESTE;dmscomerciodemedicamentos@hotmail.com;Cliente não entrou em contato para cancelamento, apenas deixou de usar o sistema.;Empresas inativas;2014-03-16 00:00:00;false;
925;84752484000115;FARMACIA MACIEL E CABRAL LTDA ME;FARMACIA PREÇO BAIXO DE CACOAL;farmaciaprecobaixocacoal1@hotmail.com.br;(sem motivo registrado);Empresas inativas;2014-03-16 00:00:00;false;
926;19199201000198;FARMACIA PRECO BAIXO DE ROLIM DE MOURA LTDA EPP;FARMACIA PRECO BAIXO DE ROLIM DE MOURA;precobaixorolim@hotmail.com.br;Cliente solicitou cancelamento, pois lojas desse mesmo sócio estão migrando para outro sistema.;Empresas inativas;2014-03-16 00:00:00;false;
1813;16849916000150;NATUGOLD IND. E COM. DE PROD. ALIMENTICIOS LTDA ME;NATUGOLD;lenonsenna@hotmail.com;Cliente não entrou em contato para cancelamento, apenas deixou de usar o sistema.;Empresas inativas;2014-03-17 00:00:00;false;
930;08258434000106;CARVALHO ELETRO MOVEIS LTDA ME;CARVALHO ELETRO MOVEIS;supermercadocarvalhoxml@hotmail.com;(sem motivo registrado);Empresas inativas;2014-03-26 00:00:00;false;
932;08621087000126;DROGARIA BINO LTDA EPP;FARMACIA DO BINO;drogariabino.nfe@gmail.com;(sem motivo registrado);Empresas inativas;2014-03-27 00:00:00;false;
936;28435733000178;SANTA EUFRASIA COM DE MED E PERF LTDA EPP;FARMACIA SANTA EUFRASIA 2;drogariasantaeufrasia@hotmail.com;Cliente solicitou cancelamento, pois lojas desse mesmo sócio estão migrando para outro sistema.;Empresas inativas;2014-04-14 00:00:00;false;
937;17506490000103;DROGARIA SANTA EUFRASIA LTDA - EPP;FARMACIA SANTA EUFRASIA;drogariasantaeufrasia2@hotmail.com;Cliente solicitou cancelamento, pois lojas desse mesmo sócio estão migrando para outro sistema.;Empresas inativas;2014-04-14 00:00:00;false;
952;26634435000181;FPB JI PARANA COMERCIO DE MEDICAMENTOS LTDA;FARMACIA PRECO BAIXO DE JI-PARANA 3;fpb.jiparana3@gmail.com;Cliente não entrou em contato para cancelamento, apenas deixou de usar o sistema.;Empresas inativas;2014-05-27 00:00:00;false;
953;20799452000192;FARMACIA PRECO BAIXO DE ITAPEMIRIM LTDA ME;FARMACIA PREÇO BAIXO DE ITAPEMIRIM II;fpb.itapemirim2@gmail.com;Mudança de sistema para o Procfit (migração de toda Preço Baixo);Empresas inativas;2014-05-28 00:00:00;false;
969;20051862000150;FARMACIA PRECO BAIXO BURITIS LTDA - EPP;FARMACIA PRECO BAIXO DE BURITIS;fpb.buritis@gmail.com;(sem motivo registrado);Empresas inativas;2014-07-01 00:00:00;false;
970;09620984000188;PROJETO E DESIGN MOVEIS P ESC LTDA ME;PROJETO E DESIGN MOVEIS;mariuza@projetoedesign.com.br;Fechamento da loja;Empresas inativas;2014-07-01 00:00:00;false;
972;19870944000148;FARMACIA PRECO BAIXO PORTO VELHO LTDA - EPP;FARMACIA PRECO BAIXO DE PORTO VELHO 1;fpb.portovelho@gmail.com;Cliente fechou a loja.;Empresas inativas;2014-07-02 00:00:00;false;
1282;23407242000108;FARMACIA PRECO BAIXO DE FLEXAL 1 LTDA;FARMACIA PRECO BAIXO DE FLEXAL;fpb.cariacica2@gmail.com;Cliente solicitou cancelamento, pois lojas desse mesmo sócio estão migrando para outro sistema.;Empresas inativas;2015-12-19 00:00:00;false;
974;39377486000117;HENFAR DROGARIA LTDA ME;GLOBOFARMA;sandroplantao@hotmail.com;(sem motivo registrado);Empresas inativas;2014-07-03 00:00:00;false;
1536;20045549000100;PLUS COMERCIO E SERVICOS LTDA ME;PLUS CELULARES;bruno@pluscelulares.com.br;(sem motivo registrado);Empresas inativas;2014-07-03 00:00:00;false;
976;19776036000190;FARMAVALE EIRELI ME;FARMACIA DROGAVALE;sileavale@hotmail.com;(sem motivo registrado);Empresas inativas;2014-07-08 00:00:00;false;
978;19754158000185;FARMACIA DO TRABALHADOR DE VENDA NOVA DO IMIGRANTE;FARMACIA PREÇO BAIXO DE VENDA NOVA DO IMIGRANTE;ftrabalhadorprecobaixo@hotmail.com;Mudança de sistema para o Procfit (migração de toda Preço Baixo);Empresas inativas;2014-07-11 00:00:00;false;
1064;21378725000198;FARMACIA PRECO BAIXO DE ASTORGA LTDA;FARMACIA PRECO BAIXO DE ASTORGA;flavia.cristina21@hotmail.com;Cliente não entrou em contato para cancelamento, apenas deixou de usar o sistema.;Empresas inativas;2015-01-23 00:00:00;false;
1065;21434356000103;FARMACIA PRECO BAIXO DE UBIRATA LTDA;FARMACIA PRECO BAIXO DE UBIRATÃ;fpb.ubirata@gmail.com;Mudança de sistema para o Procfit (migração de toda Preço Baixo);Empresas inativas;2015-01-23 00:00:00;false;
981;09636196000180;TOTALMAQ COMERCIO E SERVICOS LTDA EPP;TOTAL MAQ;financeiro@totalmaqcomercio.com.br;Cliente não entrou em contato para cancelamento, apenas deixou de usar o sistema.;Empresas inativas;2014-07-18 00:00:00;false;
982;20488768000163;FARMACIA MAIS CONFIANCA LTDA ME;FARMACIA MAIS CONFIANCA;farmaciamaisconfianca@gmail.com;Cliente não entrou em contato para cancelamento, apenas deixou de usar o sistema.;Empresas inativas;2014-07-18 00:00:00;false;
985;02595392000104;DROGARIA BOA VISTA LTDA - ME;DROGARIA DO FERNANDO;dfarmais@yahoo.com.br;Cliente solicitou cancelamento, pois lojas desse mesmo sócio estão migrando para outro sistema.;Empresas inativas;2014-07-25 00:00:00;false;
986;12431906000140;FARMACIA E DROGARIA ISABELLY LTDA ME;DROGARIA ISABELLY;randfaria@yahoo.com.br;(sem motivo registrado);Empresas inativas;2014-07-25 00:00:00;false;
987;17962278000142;DROGARIA MAMPRIM LTDA - ME;DROGARIA CENTRAL;centralibatiba@hotmail.com;(sem motivo registrado);Empresas inativas;2014-07-25 00:00:00;false;
988;11174900000171;DROGARIA VIVA MELHOR LTDA ME;DROGARIA VIVA MELHOR;riazeramos@yahoo.com.br;Cliente fechou a loja.;Empresas inativas;2014-07-25 00:00:00;false;
1081;27306992000136;HIDROFER PECAS E SERVICOS LTDA ME;HIDROFER;hidrofercontato@yahoo.com.br;Cliente queria função que não existia no sistema.;Empresas inativas;2015-02-12 00:00:00;false;
997;10587050000170;DROGARIA BOA ESPERANCA LTDA ME;DROGARIA BOA ESPERANCA;drogariaboaesperanca2014@hotmail.com;(sem motivo registrado);Empresas inativas;2014-08-22 00:00:00;false;
998;09588628000124;DROGARIA FARMASAUDE LTDA ME;DROGARIA FARMASAUDE;liaesia@yahoo.com.br;(sem motivo registrado);Empresas inativas;2014-08-22 00:00:00;false;
1000;31743581000185;G. R. DA SILVA & CIA LTDA;FARMACIA BOM PRECO;lmontesiaocujubim@hotmail.com;Troca de cnpj, por outro que já era cliente. loja anterior fechou;Empresas inativas;2014-08-26 00:00:00;false;
1003;00809290000119;DROGARIA VITALVIVA LTDA ME;FARMACIA VITALVIVA;drogavitalviva@yahoo.com.br;(sem motivo registrado);Empresas inativas;2014-09-03 00:00:00;false;
1004;13414613000117;AVISERV SERVICOS DE VIGILANCIA ELETRONICA LTDA ME;AVISERV SERVICOS DE VIGILANCIA ELETRONICA LTDA ME;financeiro@aviserv.com.br;Cliente fechou a loja.;Empresas inativas;2014-09-03 00:00:00;false;
1006;20425834000156;FARMACIA DO TRABALHADOR DE ALFREDO CHAVES LTDA ME;FARMACIA PREÇO BAIXO DE ALFREDO CHAVES;precobaixoalfredochaves@gmail.com;Mudança de sistema para o Procfit (migração de toda Preço Baixo);Empresas inativas;2014-09-04 00:00:00;false;
1306;37076173000101;FARMACIA CARDOSO & LIMA COMERCIO DE MEDICAMENTOS L;FARMACIA PRECO BAIXO MONTE CASTELO;fpb.jipa5@gmail.com;Cliente não entrou em contato para cancelamento, apenas deixou de usar o sistema.;Empresas inativas;2016-03-08 00:00:00;false;
1304;23872370000114;FPB DOIS VIZINHOS COMERCIO DE MEDICAMENTOS LTDA;FARMACIA PRECO BAIXO DOIS VIZINHOS;fpb.doisvizinhos@gmail.com;Migração para rede que não utiliza Prosystem.;Empresas inativas;2016-03-02 00:00:00;false;
1012;20866789000175;FARMACIA PRECO BAIXO DE SAO MIGUEL DO GUAPORE LTDA;FARMACIA PRECO BAIXO DE SAO MIGUEL;precobaixosaomiguel@hotmail.com;Cliente não entrou em contato para cancelamento, apenas deixou de usar o sistema.;Empresas inativas;2014-09-22 00:00:00;false;
2023;01114218000130;FARMANIA FARMACIA DE MANIPULACAO LTDA EPP;FARMANIA;araripedrogaria@gmail.com;Cliente não entrou em contato para cancelamento, apenas deixou de usar o sistema.;Empresas inativas;2014-10-01 00:00:00;false;
1317;20671501000107;DROGARIA MAIS EM CONTA DO FORTE LTDA ME;DROGARIA MAIS EM CONTA DO FORTE;fernandofarmais@hotmail.com;(sem motivo registrado);Empresas inativas;2016-04-06 00:00:00;false;
1070;21436691000140;FARMACIA PRECO BAIXO DE ITAPURANGA LTDA;FARMACIA PRECO BAIXO DE ITAPURANGA;fpb.itapuranga@hotmail.com;(sem motivo registrado);Empresas inativas;2015-01-23 00:00:00;false;
1339;23806062000190;FARMACIA PRECO BAIXO DE MARECHAL CANDIDO RONDON LT;FARMACIA PRECO BAIXO DE MARECHAL CANDIDO RONDON;fpb.marechalcandidorondon@gmail.com;Mudança de sistema para o Procfit (migração de toda Preço Baixo);Empresas inativas;2016-06-24 00:00:00;false;
1340;33848123000217;ALINE COMERCIO DE PRODUTOS FARMACEUTICOS LTDA.;FARMACIA PRECO BAIXO DE CIDADE OCIDENTAL LTDA;fsbompreco@gmail.com;Cliente não entrou em contato para cancelamento, apenas deixou de usar o sistema.;Empresas inativas;2016-06-24 00:00:00;false;
1034;18494315000106;COMERCIAL JOZELIA LTDA ME;DROGARIA MEGA POPULAR PIUMA;megapopular1741@hotmail.com;Cliente solicitou cancelamento, pois lojas desse mesmo sócio estão migrando para outro sistema.;Empresas inativas;2014-10-29 00:00:00;false;
1036;20051373000107;FARMACIA PRECO BAIXO CEREJEIRAS LTDA EPP;FARMACIA PRECO BAIXO DE CEREJEIRAS;precobaixocerejeiras@hotmail.com;Mudança de sistema para o Procfit (migração de toda Preço Baixo);Empresas inativas;2014-10-30 00:00:00;false;
1037;18751808000176;FARMACIA DO TRABALHADOR DE GUANHAES LTDA - ME;FARMACIA PREÇO BAIXO DE GUANHÃES;precobaixoguanhaes@hotmail.com;Cliente solicitou cancelamento, pois lojas desse mesmo sócio estão migrando para outro sistema.;Empresas inativas;2014-11-07 00:00:00;false;
1039;28389922000151;DROGARIA ROSINHA LTDA ME;DROGARIA MATOS;drogariamatos@gmail.com;Fechamento da loja;Empresas inativas;2014-11-12 00:00:00;false;
1040;21181448000129;FARMACIA PRECO BAIXO DE IRUPI LTDA ME;FARMACIA PREÇO BAIXO DE IRUPI;precobaixoirupi@outlook.com;mudou pra Procfit;Empresas inativas;2014-11-17 00:00:00;false;
1516;21283451000153;FARMACIA E DROGARIA CACHOEIRA DA ONCA LTDA ME;FARMACIA CACHOEIRA DA  ONCA;farmaonca@hotmail.com;Finalização de obrigação fiscal.;Empresas inativas;2014-11-27 00:00:00;false;
1048;21363586000129;NELSON DOS SANTOS SILVA ME;COMERCIAL MORAES;farmacia_moraes@hotmail.com;Cliente fechou a loja.;Empresas inativas;2014-12-10 00:00:00;false;
1049;21264314000171;FARMACIA PRECO BAIXO DE NIQUELANDIA LTDA EPP;FARMACIA PREÇO BAIXO DE NIQUELANDIA;fpbniquelandia@hotmail.com;Mudança de sistema para o Procfit (migração de toda Preço Baixo);Empresas inativas;2014-12-12 00:00:00;false;
1050;28399819000192;FPB GOIANESIA GO COMERCIO DE MEDICAMENTOS LTDA - E;FARMACIA PRECO BAIXO DE GOIANESIA;fpbgoianesia@hotmail.com;Mudança de sistema para o Procfit (migração de toda Preço Baixo);Empresas inativas;2014-12-12 00:00:00;false;
1052;21504057000106;FARMACIA PRECO BAIXO JATUARANA LTDA - ME;FARMACIA PRECO BAIXO DE PORTO VELHO 2;fpb.portovelho2@gmail.com;(sem motivo registrado);Empresas inativas;2014-12-12 00:00:00;false;
1055;20508064000105;MARIA DA PENHA FOLLADOR BINDA ME;ZUDEA AUTO SERVICO;zudea@hotmail.com;(sem motivo registrado);Empresas inativas;2014-12-22 00:00:00;false;
1328;23739157000139;FARMACIA PRECO BAIXO DE IPAMERI LTDA;FARMACIA PRECO BAIXO DE IPAMERI;fpb.ipameri@gmail.com;(sem motivo registrado);Empresas inativas;2016-05-06 00:00:00;false;
1163;12193416000152;FARMACIA FPB 2 PARANAVAI LTDA;FARMACIA PRECO BAIXO DE PARANAVAI II;fpb.paranavai2@gmail.com;(sem motivo registrado);Empresas inativas;2015-06-24 00:00:00;false;
1063;21598236000141;FARMACIA E DROGARIA FAROL FARMA LTDA ME;FAROL FARMA;farolfarma2015@gmail.com;Cliente fechou a loja.;Empresas inativas;2015-01-21 00:00:00;false;
1066;21511827000130;FARMACIA PRECO BAIXO DE MARIALVA LTDA;FARMACIA PRECO BAIXO DE MARIALVA;precobaixomarialva@gmail.com;Mudança de sistema para o Procfit (migração de toda Preço Baixo);Empresas inativas;2015-01-23 00:00:00;false;
1067;21316630000140;FARMACIA PRECO BAIXO DE ACREUNA LTDA EPP;FARMACIA PRECO BAIXO DE ACREUNA;fpb.acreuna@gmail.com;(sem motivo registrado);Empresas inativas;2015-01-23 00:00:00;false;
1068;30036507000166;GUSTAVO HENRIQUE SOARES GUIMARÃES EIRELI;DROGARIA PRECO + BAIXO DE GOIATUBA;fpb.goiatuba@gmail.com;Cliente não entrou em contato para cancelamento, apenas deixou de usar o sistema.;Empresas inativas;2015-01-23 00:00:00;false;
1069;21264229000103;FARMACIA PRECO BAIXO DE PORANGATU LTDA - EPP;FARMACIA PRECO BAIXO DE PORANGATU;fpb.porangatu@gmail.com;Mudança de sistema para o Procfit (migração de toda Preço Baixo);Empresas inativas;2015-01-23 00:00:00;false;
1071;14949486000113;FARMACIA PRECO BAIXO DE BANDEIRANTES LTDA ME;FARMACIA PRECO BAIXO BANDEIRANTES;ffbandeirantes@hotmail.com;(sem motivo registrado);Empresas inativas;2015-01-23 00:00:00;false;
1946;22258938000149;FARMACIA PRECO BAIXO DE PORTO CANOA LTDA;FARMACIA PRECO BAIXO DE PORTO CANOA;fpb2portocanoa@gmail.com;Mudança de sistema para o Procfit (migração de toda Preço Baixo);Empresas inativas;2015-05-28 00:00:00;false;
1212;08036740000190;DROGARIA BERNARDO HORTA LTDA ME;FARMACIA PRECO BAIXO DE VILA RICA III;fpb.cachoeiro4@gmail.com;(sem motivo registrado);Empresas inativas;2015-08-27 00:00:00;false;
1076;04012000000162;DROGAMAIS MEDICAMENTOS LTDA EPP;FARMACIA PREÇO BAIXO DE VILHENA 2;drogamais1@bol.com.br;Cliente não entrou em contato para cancelamento, apenas deixou de usar o sistema.;Empresas inativas;2015-02-07 00:00:00;false;
1335;04822155000164;DROGARIA FARMAVIDA LTDA ME;DROGARIA KAZAROTO;financeiro@prosystemnet.com.br;(sem motivo registrado);Empresas inativas;2016-05-25 00:00:00;false;
1092;15552584000185;V P MARTINS FARMACIA;FARMACIA PRECO BAIXO DE ITUPIRANGA;fpb.itp@gmail.com;Cliente não entrou em contato para cancelamento, apenas deixou de usar o sistema.;Empresas inativas;2015-03-06 00:00:00;false;
1229;11926319000169;LAYBER & PORTO LTDA EPP;LALLYS ACESSÓRIOS;admlallys@gmail.com;Cliente buscou sistema mais barato.;Empresas inativas;2015-10-02 00:00:00;false;
1253;23375083000107;FABIO ASSIS DE OLIVEIRA EIRELI ME;CASA NOVA MATERIAL DE CONSTRUCAO;casanovamatconstrucao@outlook.com;Cliente queria função que não existia no sistema.;Empresas inativas;2015-10-29 00:00:00;false;
1099;23044121000130;NEIVA FARMA EIRELI ME;FARMACIAS NEIVA DE VILA VELHA;dolfoneiva@hotmail.com;Cliente queria função que não existia no sistema.;Empresas inativas;2015-03-16 00:00:00;false;
1171;22082504000130;DROGARIATEIXEIRA E SILVA LTDA ME;DROGARIA MEGAFARMA;drogariamathielo@gmail.com;(sem motivo registrado);Empresas inativas;2015-07-10 00:00:00;false;
1103;26544694000111;MATIAS FARMACIA LTDA ME;DROGARIA MOXUARA;contato@drogariamoxuara.com;Insatisfação com o suporte;Empresas inativas;2015-03-19 00:00:00;false;
1124;21508102000192;FARMACIA PRECO BAIXO DE MARCILIO DE NORONHA LTDA M;FARMACIA PRECO BAIXO DE MARCILIO DE NORONHA;fpbmarcilio1@gmail.com;Cliente não entrou em contato para cancelamento, apenas deixou de usar o sistema.;Empresas inativas;2015-04-23 00:00:00;false;
1107;17932707000139;CABRAL E MACEDO FARMACIA LTDA;FARMACIA PRECO BAIXO DE TUCUMA;fpb.tucuma2@gmail.com;(sem motivo registrado);Empresas inativas;2015-03-24 00:00:00;false;
1136;17233194000178;FPB PAICANDU COMERCIO DE MEDICAMENTOS LTDA;FARMACIA PRECO BAIXO PAICANDU;fpb.paicandu@gmail.com;(sem motivo registrado);Empresas inativas;2015-05-12 00:00:00;false;
1240;39790274000167;FPB CENTRAL 2 ARACRUZ COMERCIO DE MEDICAMENTOS LT;FARMACIA PRECO BAIXO DE ARACRUZ I;precobaixoaracruz@gmail.com;Cliente solicitou cancelamento, pois lojas desse mesmo sócio estão migrando para outro sistema.;Empresas inativas;2015-10-21 00:00:00;true;INATIVA
1117;21559184000102;FPB VILA PAVAO COMERCIO DE MEDICAMENTOS LTDA ME;FARMACIA PRECO BAIXO DE VILA PAVAO;farmaciaprecobaixo.vp@hotmail.com;Loja foi vendida e novo dono aderiu a outro sistema;Empresas inativas;2015-04-14 00:00:00;false;
1119;15452862000122;FPB NOVO REPARTIMENTO COMERCIO DE MEDICAMENTOS LTDA;FARMACIA PRECO BAIXO NOVO REPARTIMENTO;jusimara.silva@bol.com.br;Cliente solicitou cancelamento, pois lojas desse mesmo sócio estão migrando para outro sistema.;Empresas inativas;2015-04-16 00:00:00;false;
1217;22850026000161;FARMACIA PRECO BAIXO AMAZONAS LTDA;FARMACIA PRECO BAIXO DE PORTO VELHO 7;fpb.portovelho7@gmail.com;Gerente não soube informar motivo do cancelamento.;Empresas inativas;2015-09-03 00:00:00;false;
1218;22788721000140;FARMACIA PRECO BAIXO DE SANTA INES LTDA;FARMACIA PRECO BAIXO DE SANTA INES;fpb.santaines1@gmail.com;(sem motivo registrado);Empresas inativas;2015-09-03 00:00:00;false;
1129;20210181000198;DROGARIA JOKERR LTDA ME;DROGARIA MEGA POPULAR  ITAPOA;megapopular7566@hotmail.com;Insatisfação com o suporte;Empresas inativas;2015-04-27 00:00:00;false;
1130;35984749000103;LUMA LUSTRES LTDA;CASA LUMA;casa.luma@hotmail.com;(sem motivo registrado);Empresas inativas;2015-05-04 00:00:00;false;
1131;22025489000199;FARMACIA PRECO BAIXO SUL AMERICANA LTDA EPP;FARMACIA PRECO BAIXO DE PORTO VELHO 6;fpb.portovelho6@gmail.com;Gerente não soube informar motivo do cancelamento.;Empresas inativas;2015-05-04 00:00:00;false;
1133;27169069000108;DROGARIA GLOBO LTDA ME;FARMACIA GLOBO;drogariagloboes@yahoo.com.br;Cliente fechou a loja.;Empresas inativas;2015-05-05 00:00:00;false;
1139;21894554000150;FARMACIA PRECO BAIXO DE URUACU LTDA;FARMACIA PRECO BAIXO URUACU;fpb.uruacu1@gmail.com;Contabilidade sugeriu que trocasse de sistema devido a parceria com outro sistema;Empresas inativas;2015-05-19 00:00:00;false;
1151;21582055000127;FARMACIA PRECO BAIXO DE RESERVA LTDA;FARMACIA PRECO BAIXO DE RESERVA;fpb.reservapr@gmail.com;(sem motivo registrado);Empresas inativas;2015-06-03 00:00:00;false;
1176;21363586000200;NELSON DOS SANTOS SILVA ME -;ATACADAO DAS FRALDAS;farmacia_moraes@hotmail.com;Cliente fechou a loja.;Empresas inativas;2015-07-15 00:00:00;false;
1177;22463955000118;A DE OLIVEIRA FERREIRA;DROGARIA GRAUNA;cintiadiasmachadoj@hotmail.com;(sem motivo registrado);Empresas inativas;2015-07-15 00:00:00;false;
1192;22861946000185;FARMACIA PRECO BAIXO DE CORONEL VIVIDA LTDA;FARMACIA PRECO BAIXO DE CORONEL VIVIDA;fpb.coronelvivida@gmail.com;(sem motivo registrado);Empresas inativas;2015-08-04 00:00:00;false;
1181;22314524000190;FARMACIA PRECO BAIXO DE SANTA BARBARA LTDA;FARMACIA PRECO BAIXO DE SANTA BARBARA;ahrchaves@hotmail.com;(sem motivo registrado);Empresas inativas;2015-07-22 00:00:00;false;
1184;22464864000105;FARMACIA PRECO BAIXO DE LARANJEIRAS LTDA;FARMACIA PRECO BAIXO DE LARANJEIRAS;fpb.laranjeiras1@gmail.com;(sem motivo registrado);Empresas inativas;2015-07-24 00:00:00;false;
1185;20716217000100;DROGARIA CAIUA COMERCIO DE PRODUTOS FARMACEUTICOS;FARMACIA PRECO BAIXO PARANAVAI I;fpb.paranavai1@gmail.com;Fechamento da loja;Empresas inativas;2015-07-27 00:00:00;true;INATIVA
1186;22768094000186;FARMACIA PRECO BAIXO DE SAO JOSE LTDA EPP;FARMACIA PRECO BAIXO DE SAO PEDRO;farmaciaprecobaixo.saopedro@gmail.com;Insatisfação com o suporte;Empresas inativas;2015-07-27 00:00:00;false;
1188;22667571000117;M. C. S. P. DA SILVA GAARDEN ME;CITY PHARMA;rodopharma@gmail.com;(sem motivo registrado);Empresas inativas;2015-07-30 00:00:00;false;
1189;01686669000141;A ZECHINELLI & CIA LTDA ME;FARMACIA PRECO BAIXO DE SAO MATEUS II;megafarmacentral@hotmail.com;(sem motivo registrado);Empresas inativas;2015-07-31 00:00:00;false;
1190;28620289000160;TOP FARMA SANTO ANTONIO LTDA ME;TOP FARMA SANTO ANTONIO;topfarmastantonio@gmail.com;Gerente não soube informar motivo do cancelamento.;Empresas inativas;2015-07-31 00:00:00;false;
1191;21932237000180;FARMACIA PRECO BAIXO DE CRISTALINA LTDA ME;FARMACIA PRECO BAIXO DE CRISTALINA;fpb.cristalina@gmail.com;(sem motivo registrado);Empresas inativas;2015-07-31 00:00:00;false;
1518;27492393000154;FPB GARAVELO COMERCIO DE MEDICAMENTOS LTDA;FARMACIA PRECO BAIXO DE GARAVELO;fpb.garavelo@gmail.com;Cliente fechou a loja.;Empresas inativas;2015-08-05 00:00:00;false;
1206;22414462000198;FARMACIA PRECO BAIXO DE COLATINA LTDA EPP;FARMACIA PRECO BAIXO DE COLATINA;fprecobaixocolatina@gmail.com;Cliente solicitou cancelamento, pois lojas desse mesmo sócio estão migrando para outro sistema.;Empresas inativas;2015-08-19 00:00:00;false;
1194;22704916000165;FARMACIA PRECO BAIXO DE SANTAREM LTDA;FARMACIA PRECO BAIXO DE SANTAREM;farmaciasantarem@hotmail.com;Cliente fechou a loja.;Empresas inativas;2015-08-07 00:00:00;false;
1198;22824305000150;FARMACIA PRECO BAIXO DE NOVO REPARTIMENTO LTDA;FARMACIA PRECO BAIXO DE NOVO REPARTIMENTO II;farmaciaprecobaixonrp@hotmail.com;(sem motivo registrado);Empresas inativas;2015-08-10 00:00:00;false;
2195;22706802000154;FARMACIA PRECO BAIXO DE JUSSARA LTDA;FARMACIA PRECO BAIXO DE JUSSARA;fpb.jussara@gmail.com;Contabilidade sugeriu que trocasse de sistema devido a parceria com outro sistema;Grupo Comercial;2015-08-12 00:00:00;true;ATIVA
1200;17032246000148;FARMACIA P B 2 DE PONTA GROSSA LTDA;FARMACIA PRECO BAIXO DE PONTA GROSSA II;fpb.pontagrossa@gmail.com;Mudança de sistema para o Procfit (migração de toda Preço Baixo);Empresas inativas;2015-08-13 00:00:00;false;
1201;22878921000194;DROGARIA E COSMETICO SALLES LTDA ME;DROGARIA E COSMETICO SALLES;johnwesleyconcre@hotmail.com;(sem motivo registrado);Empresas inativas;2015-08-14 00:00:00;false;
1202;22528016000104;FARMACIAS NEIVA LTDA ME;FARMACIAS NEIVA DE VITORIA;farmafup@gmail.com;(sem motivo registrado);Empresas inativas;2015-08-17 00:00:00;false;
1203;36228902000127;DROGARIA ESTEFF E ARLEU LTDA;DROGARIA LIDER;liderltdadrogaria@gmail.com;Cliente buscou sistema mais barato.;Empresas inativas;2015-08-17 00:00:00;false;
1204;23483705000102;FARMACIA PRECO BAIXO DE MARABA LTDA;FARMACIA PRECO BAIXO DE MARABA;joaoolegario25@gmail.com;(sem motivo registrado);Empresas inativas;2015-08-18 00:00:00;false;
1220;12517482000130;FARMACIA E DROGARIA OK LTDA ME -;FARMACIA PRECO BAIXO OK MARACANA;fpb.maracana@gmail.com;(sem motivo registrado);Empresas inativas;2015-09-09 00:00:00;false;
1221;12782690000167;BRA DROGARIA LTDA ME;FARMACIA PRECO BAIXO DE RIO VERDE II;farmelhorrv@hotmail.com;(sem motivo registrado);Empresas inativas;2015-09-09 00:00:00;false;
1223;23445995000108;FARMACIA PRECO BAIXO DE RIO VERDE LTDA;FARMACIA PRECO BAIXO DE RIO VERDE I;fpb.rioverde1@gmail.com;Cliente fechou a loja.;Empresas inativas;2015-09-10 00:00:00;false;
1257;23023661000138;DROGARIA DAHER CB LTDA;DROGARIA DAHER CB LTDA;drogariasdaher.1@gmail.com;Loja foi vendida e novo dono aderiu a outro sistema;Empresas inativas;2015-11-06 00:00:00;false;
1331;23878080000188;FARMACIA PRECO BAIXO DE SAO JOAO BATISTA LTDA;FARMACIA PRECO BAIXO DE SAO JOAO BATISTA;fpb.sjb@gmail.com;Migração para rede que não utiliza Prosystem.;Empresas inativas;2016-05-16 00:00:00;false;
1234;23082697000192;FARMACIA PRECO BAIXO DE LOANDA LTDA;FARMACIA PRECO BAIXO DE LOANDA;fpb.loanda@gmail.com;Fechamento da loja;Empresas inativas;2015-10-09 00:00:00;false;
1235;20290792000193;FPB SAO JOSE 2 COMERCIO DE MEDICAMENTOS LTDA - EPP;FARMACIA PRECO BAIXO DE SAO JOSE SC;fpb.ipiranga@gmail.com;Loja foi vendida e novo dono aderiu a outro sistema;Empresas inativas;2015-10-15 00:00:00;false;
1236;08969516000150;GERFESSON C DE ALMEIDA ME;DROGARIA IRUPIFARMA;Irupifarma@hotmail.com;Insatisfação com o suporte;Empresas inativas;2015-10-15 00:00:00;false;
1237;23105859000160;CENTRAL PANIFICADORA LTDA ME;PADARIA CENTRAL;centralpanificadora1@gmail.com;Cliente não entrou em contato para cancelamento, apenas deixou de usar o sistema.;Empresas inativas;2015-10-15 00:00:00;false;
1238;22665650000199;FARMACIA VALE MAIS SAUDE LTDA ME;FARMACIA PERIN;farmaciaperim@hotmail.com;Cliente fechou a loja.;Empresas inativas;2015-10-15 00:00:00;false;
1244;23120010000166;FARMACIA PRECO BAIXO DE PALMEIRAS DE GOIAS LTDA;FARMACIA PRECO BAIXO DE PALMEIRAS DE GOIAS;fpb.palmeirasdegoias@gmail.com;Contabilidade sugeriu que trocasse de sistema devido a parceria com outro sistema;Empresas inativas;2015-10-22 00:00:00;false;
1245;23351726000174;FARMACIA DOS REIS LTDA ME;FARMA VALE;alcirfernandes.36@gmail.com;(sem motivo registrado);Empresas inativas;2015-10-23 00:00:00;false;
1352;27443142000180;R P DROGARIA LTDA  EPP;DROGARIA MINEIRA;drogaria-mineira@hotmail.com;Contabilidade sugeriu que trocasse de sistema devido a parceria com outro sistema;Empresas inativas;2016-07-25 00:00:00;false;
1247;23113077000173;FARMACIA PRECO BAIXO DE MEDIANEIRA LTDA;FARMACIA PRECO BAIXO DE MEDIANEIRA;fpb.medianeira@gmail.com;Mudança de sistema para o Procfit (migração de toda Preço Baixo);Empresas inativas;2015-10-23 00:00:00;false;
1249;32567764000150;A C DA COSTA JUNIOR DROGARIA;FARMACIA PRECO BAIXO DE PEIXOTO;drogariadotrabalhadorpxto@hotmail.com;Loja foi vendida e novo dono aderiu a outro sistema;Empresas inativas;2015-10-26 00:00:00;false;
1250;18679992000271;AFONSO CAVALCANTE DA COSTA - ME;FARMACIA PRECO BAIXO DE MATUPA;farmaciadotrabalhadormtp@hotmail.com;(sem motivo registrado);Empresas inativas;2015-10-26 00:00:00;false;
1251;23126079000105;FARMACIA PRECO BAIXO DE AGUAS LINDAS DE GOIAS LTDA;FARMACIA PRECO BAIXO DE AGUAS LINDAS DE GOIAS;fpb.aguaslindasdegoias@gmail.com;Fechamento da loja;Empresas inativas;2015-10-26 00:00:00;false;
1342;05560089000164;CH COMERCIO FARMACEUTICOS LTDA ME;FARMACIA BOM PRECO;fbp.pauferro@hotmail.com;Cliente não entrou em contato para cancelamento, apenas deixou de usar o sistema.;Empresas inativas;2016-06-28 00:00:00;false;
1255;21612535000193;LIVIA MARIA CURCIO SCHAEFER EIRELI ME;FARMACIA VITORIA;vitoriavixx@gmail.com;(sem motivo registrado);Empresas inativas;2015-11-03 00:00:00;false;
1259;23272971000196;REINKE E SILVA FARMA LTDA ME;MENOR PRECO;devair@adl.org.br;(sem motivo registrado);Empresas inativas;2015-11-10 00:00:00;false;
1256;23057183000187;FARMACIA PRECO BAIXO DE BELA AURORA LTDA;FARMACIA PRECO BAIXO DE BELA AURORA;fpb.belaaurora@gmail.com;Cliente fechou a loja.;Empresas inativas;2015-11-06 00:00:00;false;
1260;25367177000232;FARMACIA TR CONDESSA DO RIO NOVO LTDA - ME;FARMACIA TR CONDESSA DO RIO NOVO LTDA - ME FILIAL;fpb.tresrios2@gmail.com;Cliente não entrou em contato para cancelamento, apenas deixou de usar o sistema.;Empresas inativas;2015-11-11 00:00:00;false;
1261;20499634000148;M W F-COMERCIO DE PRODUTOS MEDICOS LTDA - ME;M W F DISTRIBUIDORA;mwfdistribuidora@gmail.com;(sem motivo registrado);Empresas inativas;2015-11-12 00:00:00;false;
1264;23456151000154;FARMACIA PRECO BAIXO DE TRINDADE LTDA;FARMACIA PRECO BAIXO DE TRINDADE;fpb.trindade@gmail.com;(sem motivo registrado);Empresas inativas;2015-11-21 00:00:00;false;
1900;28157675000168;REDE VIDA NOVA FARMACIAS LTDA;REDE VIDA NOVA FARMACIAS;alegrekelwin@gmail.com;Cliente fechou a loja.;Empresas inativas;2015-11-24 00:00:00;false;
1267;18184715000107;BATISTA E PADUA AUTO CENTER E SERVICOS LTDA ME;BM CAR AUTO CENTER;financeiro@bmcarautocenter.com.br;(sem motivo registrado);Empresas inativas;2015-11-25 00:00:00;false;
1268;23177649000188;FARMACIA PRECO BAIXO DE SANTA LUCIA LTDA;FARMACIA PRECO BAIXO DE SANTA LUCIA;fpb.santalucia1@gmail.com;Migração para rede que não utiliza Prosystem.;Empresas inativas;2015-11-27 00:00:00;false;
1270;22838519000186;FARMACIA PRECO BAIXO DE CARATINGA LTDA;FARMACIA PRECO BAIXO DE CARATINGA;fpbcaratinga@gmail.com;(sem motivo registrado);Empresas inativas;2015-11-27 00:00:00;false;
1272;18120266000133;DROGARIA VILA FARMA LTDA ME;FARMACIA VILA FARMA;vilafarmadrogaria@gmail.com;(sem motivo registrado);Empresas inativas;2015-12-10 00:00:00;false;
1273;23219859000191;FARMACIA PRECO BAIXO DE LARANJEIRAS DO SUL LTDA;FARMACIA PRECO BAIXO DE LARANJEIRAS DO SUL;fpb.laranjeirasdosul@gmail.com;(sem motivo registrado);Empresas inativas;2015-12-10 00:00:00;false;
1275;23480909000190;FARMACIA PRECO BAIXO DE CASTRO LTDA;FARMACIA PRECO BAIXO DE CASTRO;fpb.castro@hotmail.com;Mudança de sistema para o Procfit (migração de toda Preço Baixo);Empresas inativas;2015-12-10 00:00:00;false;
1276;22326600000187;FARMACIA PRECO BAIXO DE CORNELIO PROCOPIO LTDA;FARMACIA PRECO BAIXO DE CORNELIO PROCOPIO;fpb.cornelioprocopio@gmail.com;Cliente não entrou em contato para cancelamento, apenas deixou de usar o sistema.;Empresas inativas;2015-12-11 00:00:00;false;
1277;23610776000129;FPB BATISTA DE OLIVEIRA COMERCIO DE MEDIC LTDA;FPB BATISTA DE OLIVEIRA COMERCIO DE MEDIC LTDA;fpb.juizdefora2@gmail.com;(sem motivo registrado);Empresas inativas;2015-12-11 00:00:00;false;
1278;23724801000103;FARMACIA PRECO BAIXO JF BARAO DO RIO BRANCO LTDA;FARMACIA PRECO BAIXO DE JUIZ DE FORA 3;fpb.juizdefora1@gmail.com;(sem motivo registrado);Empresas inativas;2015-12-11 00:00:00;false;
1279;21007462000100;DROGARIA CKL LTDA ME;MEGA POPULAR ANCHIETA;paulofarma87@hotmail.com;Troca de cnpj, por outro que já era cliente. loja anterior fechou;Empresas inativas;2015-12-15 00:00:00;false;
1283;23466419000139;PADARIA MACERATA EIRELI ME;PADARIA MACERATA;padariamacerata@hotmail.com;(sem motivo registrado);Empresas inativas;2015-12-22 00:00:00;false;
1284;23106054000131;FARMACIA PRECO BAIXO DA GLORIA LTDA;FARMACIA PRECO BAIXO DA GLORIA;fpb.gloriavilavelha@gmail.com;(sem motivo registrado);Empresas inativas;2015-12-22 00:00:00;false;
1296;11319172000149;ITS JORGE ME;FARMACIA NOVAFARMA;novafarma_alegre@hotmail.com;Contabilidade sugeriu que trocasse de sistema devido a parceria com outro sistema;Empresas inativas;2016-02-10 00:00:00;false;
1336;23436529000158;FARMACIA PRECO BAIXO DE IPORA LTDA;FARMACIA PRECO BAIXO DE IPORA;sirlanultra@gmail.com;Cliente não entrou em contato para cancelamento, apenas deixou de usar o sistema.;Empresas inativas;2016-05-31 00:00:00;false;
1291;23303932000109;FARMACIA P B 2 DE R M LTDA;FARMÁCIA PRECO BAIXO DE ROLIM DE MOURA II;farmaciaprecobaixorolim2@hotmail.com;Cliente solicitou cancelamento, pois lojas desse mesmo sócio estão migrando para outro sistema.;Empresas inativas;2016-01-15 00:00:00;false;
1344;24863704000156;FPB NOVA PALESTINA COMERCIO DE MEDICAMENTOS LTDA M;FARMACIA PRECO BAIXO DE NOVA PALESTINA;fpb.novapalestina@gmail.com;(sem motivo registrado);Grupo 6 - Matheus Carvalho;2016-06-28 00:00:00;false;
1332;23777130000130;DROGARIA PARIS LTDA ME;DROGARIA PARIS;drogariaparis@gmail.com;(sem motivo registrado);Empresas inativas;2016-05-16 00:00:00;false;
1294;23818576000166;MEGA POPULAR DROGARIA ITAPERUNA LTDA;MEGA POPULAR DROGARIA ITAPERUNA;marlonspinheiro@hotmail.com;(sem motivo registrado);Empresas inativas;2016-01-27 00:00:00;false;
1295;23726170000153;DROGARIA LONGO E ANTUNES LTDA ME;DROGARIA ALDA;drogaria-alda@hotmail.com;(sem motivo registrado);Empresas inativas;2016-02-08 00:00:00;false;
1300;22822176000161;M PETROS PRODUTOS E SERVICOS LTDA EPP;SUPREMA;financeiro@supremacenter.com.br;(sem motivo registrado);Empresas inativas;2016-02-22 00:00:00;false;
1320;07912209000170;ANTONIO WILSON DE ALMEIDA ME;FIBERFORT;gerencia@fiberfort.com.br;(sem motivo registrado);Empresas inativas;2016-04-20 00:00:00;false;
1911;23699512000193;FARMACIA PRECO BAIXO DE GOVERNADOR VALADARES LTDA;FARMACIA PRECO BAIXO DE GOVERNADOR VALADARES;farmaciaprecobaixogvnfe@gmail.com;Mudança de sistema para o Procfit (migração de toda Preço Baixo);Empresas inativas;2016-04-25 00:00:00;false;
1360;22508703000168;INTER CAMERAS LTDA - EPP;INTER CAMERAS;suporte@prosystemnet.com.br;(sem motivo registrado);Empresas inativas;2016-08-10 00:00:00;false;
1326;11169092000154;FARMACIA PRECO BAIXO DE QUEDAS DO IGUACU LTDA ME;FARMACIA PRECO BAIXO QUEDAS DO IGUACU;fpb.quedasdoiguacu@gmail.com;Mudança de sistema para o Procfit (migração de toda Preço Baixo);Empresas inativas;2016-05-05 00:00:00;false;
1341;24751735000115;FPB RODOVIARIA PORTO VELHO COMERCIO DE MEDICAMENTO;FARMACIA PRECO BAIXO DE PORTO VELHO 10;fpb.portovelho10@gmail.com;(sem motivo registrado);Empresas inativas;2016-06-28 00:00:00;false;
1345;25367177000151;FARMACIA TR CONDESSA DO RIIO NOVO;FARMACIA PRECO BAIXO RIO NOVO;fpb.tresrios1@gmail.com;Cliente não entrou em contato para cancelamento, apenas deixou de usar o sistema.;Empresas inativas;2016-06-29 00:00:00;false;
1463;09427669000139;ARTE E COR BRASIL IND COM REPRESENTACOES LTDA ME;ARTE E COR;artcorbrindes@yahoo.com.br;(sem motivo registrado);Empresas inativas;2016-07-05 00:00:00;false;
1348;24723780000166;FPB IMIGRANTES COMERCIO DE MEDICAMENTOS LTDA;FARMACIA PRECO BAIXO DE PORTO VELHO 9;fpb.portovelho9@gmail.com;Mudança de sistema para o Procfit (migração de toda Preço Baixo);Empresas inativas;2016-07-11 00:00:00;false;
1365;24755692000146;FPB RETA DA PENHA 02 COMERCIO DE MEDICAMENTOS LTDA;FARMACIA PRECO BAIXO RETA DA PENHA 02;fpb.retadapenha2@gmail.com;Loja foi vendida e novo dono aderiu a outro sistema;Empresas inativas;2016-08-16 00:00:00;false;
1366;25533483000110;FARMÁCIA PREÇO BAIXO PORTO NACIONAL LTDA;FARMÁCIA PREÇO BAIXO PORTO NACIONAL LTDA;fpbportonacional@gmail.com;Contabilidade sugeriu que trocasse de sistema devido a parceria com outro sistema;Empresas inativas;2016-08-18 00:00:00;false;
1545;28984640000100;FARMADUTRA DROGARIA LTDA ME;DROGARIA MEGA POPULAR CAMPOS;redemepopular@gmail.com;(sem motivo registrado);Empresas inativas;2018-01-02 15:45:23;false;
1775;37598165000117;ALVES & COSTA MEDICAMENTOS E PERFUMARIA LTDA;FARMACIA DO POVO;farmaciadopovo.go@gmail.com;Loja não chegou a aderir ao sistema.;Empresas inativas;2020-07-21 09:55:01;false;
1912;04247391000102;BORGES & CIA LTDA;BORGES & CIA LTDA;farmaciacolorado2@outlook.com;Cliente fechou a loja.;Empresas inativas;2022-03-10 08:51:36;false;
1954;40153901000138;ELIETE DE MELLO LOURENCO;TEM TEM MATERIAL DE CONSTRUÇÃO;tentemmaterialpaul@gmail.com;Gerente não soube informar motivo do cancelamento.;Empresas inativas;2022-07-14 08:52:32;false;
1404;03757566000150;DANIEL PACHECO ME;PET SHOP GATAO;petshopgatao@hotmail.com;Cliente não se adaptou ao sistema;Empresas inativas;2016-12-30 10:29:14;false;
1681;63795595000139;M. B. PEREIRA & CIA LTDA - EPP;DROGA NOVA;droganovavha@hotmail.com;Cliente fechou a loja.;Empresas inativas;2019-04-09 09:18:36;false;
1685;09237382000146;CLEUNICE SILVEIRA CATARINA & CIA LTDA;DROGARIA PRECO BAIXO;fprecobaixosantamaria@gmail.com;Cliente solicitou cancelamento, pois lojas desse mesmo sócio estão migrando para outro sistema.;Empresas inativas;2019-04-22 11:43:45;false;
1732;35341506000149;DROGARIA DROGAEME LTDA;DROGARIA DROGAEME;drogaeme@hotmail.com;Cliente queria função que não existia no sistema.;Empresas inativas;2019-11-18 11:40:59;false;
1432;26620578000134;KAROLINE MARQUES COUTO ME;KMC FARMA;financeiro@prosystemnet.com.br;(sem motivo registrado);Empresas inativas;2017-04-03 09:03:19;false;
2141;60251845000181;DROGARIAS TOTIVIDA LTDA;DROGARIAS TOTIVIDA;icarolocoogomes@gmail.com;Fechamento da loja;Empresas inativas;2025-05-16 10:46:26;false;
1889;43238540000110;FPB PONTA GROSSA 3 COMERCIO DE MEDICAMENTOS LTDA;FARMACIA PREÇO BAIXO UVARANAS;fpbpontagrossa3@gmail.com;Cliente não entrou em contato para cancelamento, apenas deixou de usar o sistema.;Empresas inativas;2021-10-18 11:00:58;false;
1461;27284668000164;RAFHA FARMACIA E PERFUMARIA LTDA ME;VILA FARMA CRUZEIRO DO SUL;vale@valefarma.com.br;(sem motivo registrado);Empresas inativas;2017-06-27 09:29:28;false;
1783;35057014000126;AURELIANO & SILVA LTDA;DROGA VIDA;aurelianoesilvaltda@gmail.com;Fechamento da loja;Empresas inativas;2020-08-12 10:47:32;false;
1418;02779589000101;CREOSOMAR ORTELAN ME;FARMA CREO;farmacreo@hotmail.com;Insatisfação com o suporte;Empresas inativas;2017-01-17 13:59:49;false;
1851;38830338000143;CLEUDIA FERREIRA COSTA MOREIRA;FARMACIA ECONOMIA DO POVO;economiadopovo02@gmail.com;Troca de cnpj, por outro que já era cliente. loja anterior fechou;Empresas inativas;2021-06-14 12:57:13;false;
1510;00689261000160;J S FARMACIA E DROGARIA LTDA EPP;FARMACIA SÃO JOSÉ CENTRO;drogariasaojosecolatina@gmail.com;(sem motivo registrado);Empresas inativas;2017-09-05 15:59:24;false;
1785;37849094000188;FPB VILA NOVA COMERCIO DE MEDICAMENTOS LTDA;FPB VILA NOVA ARACRUZ;precobaixoaracruz@gmail.com;Cliente solicitou cancelamento, pois lojas desse mesmo sócio estão migrando para outro sistema.;Empresas inativas;2020-08-21 16:12:34;true;INATIVA
2105;56026109000152;DELICIAS E ACESSORIOS E DISTRIBUIDORA LTDA;DELICIAS E ACESSORIOS;larissapassos2020@gmail.com;Fechamento da loja;Empresas inativas;2024-09-04 09:38:13;false;
1631;23662749000108;M. GREFFE DE OLIVEIRA & CIA LTDA;FARMACIA BAIXO PRECO;michell_ms@hotmail.com;Cliente não se adaptou ao sistema;Empresas inativas;2018-09-13 08:36:56;false;
1469;31706906000150;DROGARIA FAMILIAR CONCEICAO DO MUQUI LTDA ME;DROGARIA FAMILIAR CONCEICAO DO MUQUI;admconceicaodomuqui@drogariafamiliar.com;(sem motivo registrado);Empresas inativas;2017-06-16 09:00:14;false;
1411;26216428000160;FPB MINEIROS GO COMERCIO DE MEDICAMENTOS LTDA;FARMACIA PRECO BAIXO DE MINEIROS;fpb.mineirosgo@gmail.com;Cliente fechou a loja.;Empresas inativas;2016-12-26 11:12:16;false;
1714;32538806000124;LAURA RESENDE LIMA;FPB Jatai 2;andreiarezendejti@hotmail.com;Cliente fechou a loja.;Empresas inativas;2019-09-30 15:09:35;false;
1729;46466929000101;D P NICOLI LTDA;DROGARIAS MENOR PRECO;menorprecodrogarias@gmail.com;Cliente fechou a loja.;Empresas inativas;2019-11-08 11:58:35;false;
1902;07138137000156;DROGARIA MELO LTDA;DROGARIA LIDER;fabriciolider@yahoo.com.br;Gerente não soube informar motivo do cancelamento.;Empresas inativas;2021-12-22 09:30:11;false;
2069;54108004000117;SERENCE COMERCIO DE ROUPAS LTDA;SERENCE;use.serence@gmail.com;Cliente migrou para um sistema especializado no ramo de roupa;Empresas inativas;2024-02-29 15:49:50;true;INATIVA
1872;20055971000146;DROGARIA SAGRADA FAMILIA LTDA;FARMACIA TREVO KM90;farmaciatrevoad@hotmail.com;Cliente solicitou cancelamento, pois lojas desse mesmo sócio estão migrando para outro sistema.;Empresas inativas;2018-04-02 12:37:18;false;
1521;05009812000200;L A LABORATORIO FARMACEUTIC LTDA ME;REDE SOMA DROGARIAS;la.laboratoriofilial@gmail.com;Loja foi vendida e novo dono aderiu a outro sistema;Empresas inativas;2017-10-16 15:26:55;false;
1963;47274823000179;FARMACIA ECONOMICA II LTDA;FARMACIA ECONOMICA II;feconomica02@gmail.com;Loja foi vendida e novo dono aderiu a outro sistema;Empresas inativas;2022-08-11 09:34:43;false;
1739;35369572000127;FPB BARREIRAS COMERCIO DE MEDICAMENTOS LTDA;FPB BARREIRAS;fpbbarreiras@gmail.com;Cliente não entrou em contato para cancelamento, apenas deixou de usar o sistema.;Empresas inativas;2019-12-11 09:46:30;false;
2058;32887505000106;J M PALACIO FARMACIA E DROGARIA;MUQUIFARMA;jmpalaciofarmaciaedrogaria@gmail.com;Cliente não entrou em contato para cancelamento, apenas deixou de usar o sistema.;Empresas inativas;2023-11-23 09:35:11;false;
2010;26876494000166;FPB MUQUICABA COMERCIO DE MEDICAMENTOS LTDA;FARMACIA PRECO BAIXO DE MUQUICABA;fpb.muquicaba01@gmail.com;Cliente fechou a loja.;Empresas inativas;2017-05-16 12:36:30;false;
1537;04334528000158;DANIELA ALVES ZUNTINI DAMETO - EPP;PRO FORMULA SUPREME;farmaciaproformula@gmail.com;Loja não chegou a aderir ao sistema.;Empresas inativas;2017-12-29 10:39:27;false;
1858;42688840000139;FARMACIA ECONOMICA LTDA;FARMACIA ECONOMICA;feconomicaeoe@gmail.com;Cliente não entrou em contato para cancelamento, apenas deixou de usar o sistema.;Empresas inativas;2021-07-19 15:32:37;false;
1881;42594089000101;M.P.M NASCIMENTO - NANDO FATIADOS;NANDO FATIADOS;cida2649@gmail.com;Cliente não entrou em contato para cancelamento, apenas deixou de usar o sistema.;Empresas inativas;2021-09-14 15:09:37;false;
1440;00536740000147;FARMACIA PRECO BAIXO ITAPOA LTDA ME;FARMACIA PRECO BAIXO ITAPOA;fpb.itapoa@gmail.com;(sem motivo registrado);Empresas inativas;2017-03-15 08:50:15;false;
1791;34568039000121;ACOUGUE SABOR DAORA COMERCIO DE CARNES E SERVICOS;ACOUGUE SABOR DAORA;sabordaora@gmail.com;Gerente não soube informar motivo do cancelamento.;Empresas inativas;2020-09-29 12:50:19;false;
1505;04005341000100;LINHARES UTILIDADES LTDA EPP;LINHARES UTILIDADES;financeiro.smj@gmail.com;Insatisfação com o suporte;Empresas inativas;2017-08-24 17:37:41;false;
1627;05271829000142;AGUIA COMERCIO DE MEDICAMENTOS LTDA - EPP;FARMACIA AMERICANA;compras.aguiafarma1@outlook.com;Cliente solicitou cancelamento, pois lojas desse mesmo sócio estão migrando para outro sistema.;Empresas inativas;2018-09-04 11:10:43;false;
1427;14877836000183;M E M DROGARIA E FARMACIA DE MANIPULACAO ME;FARMACIA SAO JOSE;farmaclim@hotmail.com;Cliente queria função que não existia no sistema.;Empresas inativas;2017-02-02 09:56:23;false;
1578;29557608000101;FARMACIA P B SAO GABRIEL DA PALHA LTDA;FARMACIA PRECO BAIXO SAO GABRIEL DA PALHA;sgpprecobaixo@gmail.com;Gerente não soube informar motivo do cancelamento.;Empresas inativas;2018-03-22 10:05:58;false;
1550;29268408000120;DROGARIA RPJ LTDA ME;FARMACIA POPULAR;redesomaulisses@gmail.com;Cliente não entrou em contato para cancelamento, apenas deixou de usar o sistema.;Empresas inativas;2018-01-08 13:34:32;false;
1515;28322898000133;DROGARIA JM LTDA ME;DROGARIA JM;drogariajm2017@hotmail.com;Cliente não entrou em contato para cancelamento, apenas deixou de usar o sistema.;Empresas inativas;2017-09-29 16:41:28;false;
1817;38442736000192;C.D. ROCHA PADARIA;PADARIA FRATELI;c.d.rocha@outlook.com;Fechamento da loja;Empresas inativas;2021-02-05 16:09:31;false;
1774;37548462000158;FARMACIA SILVERIA LTDA;DROGARIA BERNARDO HORTA 2;silveriaferraz@outlook.com;Loja foi vendida e novo dono aderiu a outro sistema;Empresas inativas;2020-07-09 15:22:22;false;
1501;03933806000120;DR CONSERTA EIRELI ME;BRASIL;adm@hsibrasil.com.br;(sem motivo registrado);Empresas inativas;2017-08-24 17:27:34;false;
1950;46476471000171;PANIFICADORA E CONFEITARIA XIMENES LTDA;XIMENES PANIFICADORA & CONFEITARIA;amandaximenes1976@gmail.com;Fechamento da loja;Empresas inativas;2022-06-09 09:47:43;false;
1476;26792575000188;FPB 24 DE OUTUBRO COMERCIO DE MEDICAMENTOS LTDA ME;FARMACIA PRECO BAIXO SETOR CAMPINAS;fpb.24deoutubro@gmail.com;Cliente não entrou em contato para cancelamento, apenas deixou de usar o sistema.;Empresas inativas;2017-06-30 09:00:02;false;
2044;40503467000179;E R ANDRE FABRICA DE ROUPAS;INFANTY BABY;infantibabykids5@gmail.com;Cliente não se adaptou ao sistema;Empresas inativas;2023-08-31 14:58:39;false;
2059;52468995000113;DROGARIA E PERFUMARIA SANTOS XAVIER LTDA;DROGARIA BOM PRECO ITABERAI;gustavo.oliveira9619@icloud.com;Loja foi vendida e novo dono aderiu a outro sistema;Empresas inativas;2023-12-13 15:21:06;true;INATIVA
1620;23610617000124;DROGARIA TEOTONIO LTDA - ME;FARMACIA PRECO BAIXO;fpb.palmas02@gmail.com;Mudança de sistema para o Procfit (migração de toda Preço Baixo);Empresas inativas;2018-08-03 10:25:24;false;
1799;39495245000172;MEGAFARMA PRODUTOS FARMACÊUTICOS LTDA;MEGAFARMA;megafarmaminacu@gmail.com;Mudança de sistema para o Procfit (migração de toda Preço Baixo);Empresas inativas;2020-11-18 14:58:31;false;
1656;34772423000141;RIBEIRO E FERNANDES COMERCIO DE MEDICAMENTOS LTDA;DROGARIA MEGA POPULAR;farmaciamegapopular2019@gmail.com;Cliente fechou a loja.;Empresas inativas;2019-01-15 11:48:30;false;
1655;12652268000278;L. C. DA SILVA & CIA LTDA - ME;REDE GUAPORE FARMA;guaporefarmasfg@gmail.com;Cliente não entrou em contato para cancelamento, apenas deixou de usar o sistema.;Empresas inativas;2018-12-26 15:34:13;false;
1810;40035935000128;DROGARIA MINARINI LTDA;DROGARIA MINARINI;minarinifarmacia@gmail.com;Cliente fechou a loja.;Empresas inativas;2021-01-07 09:53:02;false;
1632;09318125000139;RDDE OLIVEIRA SOUZA E CIA LTDA;FARMACIA CENTRAL;farmacia_central_ms@hotmail.com;Cliente queria função que não existia no sistema.;Empresas inativas;2018-09-18 09:11:09;false;
1567;29437737000158;FARMACIA POPULAR DO BRASIL EIRELI;FARMACIA POPULAR DO BRASIL;farmaciapopular1981@gmail.com;Cliente solicitou cancelamento, pois lojas desse mesmo sócio estão migrando para outro sistema.;Empresas inativas;2018-03-01 13:48:59;false;
1654;84551191000170;SILVA & SILVA PRODUTOS FARMACÊUTICOS LTDA ME;FARMACIA POPULAR;farmaciapopular1010@hotmail.com;Cliente não entrou em contato para cancelamento, apenas deixou de usar o sistema.;Empresas inativas;2018-12-26 11:06:37;false;
1759;18318472000152;A.G.M. NASCIMENTO - NANDO FATIADOS ME;D´NANDOS FATIADOS;agmnascimento11@outlook.com;Loja não chegou a aderir ao sistema.;Empresas inativas;2020-04-27 12:16:28;false;
1379;26040182000118;FPB CENTRO PVH COMERCIO DE MEDICAMENTOS LTDA EPP;FARMACIA PRECO BAIXO DE PORTO VELHO 17;fpb.portovelho17@gmail.com;Cliente não entrou em contato para cancelamento, apenas deixou de usar o sistema.;Empresas inativas;2016-10-20 14:01:05;false;
1920;39751662000139;DISTRIBUIDORA CHAME CHAME LTDA;ATACADAO DOS MEDICAMENTOS;elitedistribuidora_financeiro@hotmail.com;Cliente fechou a loja.;Empresas inativas;2022-03-08 14:32:23;false;
1887;42905516000125;DROGARIA VARDIERI LTDA;DROGARIA VARDIERI;zezinhodejesus41@hotmail.com;Fechamento da loja;Empresas inativas;2021-10-07 13:39:02;false;
1915;31472941000151;NA MEDIDA TINTAS LTDA;E & E TINTAS;namedidatintas@gmail.com;Cliente fechou a loja.;Empresas inativas;2022-03-08 14:27:48;false;
2025;24788564000107;DROGARIA PALMEIRAS LTDA;NOVA DROGARIA PALMEIRAS;drogpalmeiras@gmail.com;Cliente não entrou em contato para cancelamento, apenas deixou de usar o sistema.;Empresas inativas;2023-06-16 09:24:19;false;
1768;35402273000147;MAURA ANA DE SOUZA;FARMAFACIL;fernandoantoniodesouza04@gmail.com;Cliente não entrou em contato para cancelamento, apenas deixou de usar o sistema.;Empresas inativas;2020-06-17 08:50:54;false;
1938;26308086000108;DROGARIA FARMED LTDA;DROGARIA FARMED ALFREDO CHAVES;drogariafarmed631@gmail.com;Cliente fechou a loja.;Empresas inativas;2022-05-05 11:23:06;false;
1906;32472037000109;DROGARIA JARDIM DE ALAH LTDA ME;DROGARIA JARDIM DE ALAH;dosnavegantes@hotmail.com;Loja foi vendida e novo dono aderiu a outro sistema;Empresas inativas;2022-01-12 08:59:18;false;
1573;10770960000194;ALCANTARA COMERCIO DE MEDICAMENTOS EIRELI - ME;FARMACIA PIONEIRA;farmapioneira02@gmail.com;Cliente queria função que não existia no sistema.;Empresas inativas;2018-03-12 13:54:53;false;
2046;51056388000183;NOGUEIRA E OLIVEIRA PERFUMARIA LTDA;NOGUEIRA E OLIVEIRA PERFUMARIA LTDA;nogueiraoliveiraperfumaria@gmail.com;Cliente fechou a loja.;Empresas inativas;2023-09-06 10:32:21;false;
1899;29755374000280;FARMACIA MAIS ECONOMICA LTDA;FARMACIA MARTINENSE;farmaciamartinese@gmail.com;Loja foi vendida e novo dono aderiu a outro sistema;Empresas inativas;2021-12-03 15:00:02;false;
2032;50340571000143;TRIPLA COMERCIO DE MEDICAMENTOS LTDA;FARMA VOCE;triplapvh@gmail.com;Fechamento da loja;Empresas inativas;2023-07-10 10:41:01;false;
1475;05640686000107;DROGARIA JK LTDA ME;ALMEIDA DROGARIA;drogjk@hotmail.com;Cliente não se adaptou ao sistema;Empresas inativas;2017-07-12 08:59:06;false;
1708;34084837000188;FPP TAGUATINGA COMERCIO DE MEDICAMENTOS LTDA;FARMACIA PRECINHO POPULAR TAGUATINGA;fpp.taguatinga@gmail.com;Cliente solicitou cancelamento, pois lojas desse mesmo sócio estão migrando para outro sistema.;Empresas inativas;2019-08-26 13:52:39;false;
1659;29858880000113;G. F. ABREU COMERCIO DE PROD. FARMACEUTICOS;NOSSA FARMA;nossafarmamarataizes@gmail.com;Cliente fechou a loja.;Empresas inativas;2019-02-01 08:17:42;false;
2027;20612379000106;NAPP SOLUTIONS EMPREENDIMENTOS E PARTICIPACOES S.A;NAPP;karina.borin@nappsolutions.com;Fechamento da loja;Empresas inativas;2025-11-21 08:31:40;false;
1682;11398766000192;ARCO IRIS PRESENTES E UTILIDADES LTDA ME;ARCO IRIS PRESENTES E UTILIDADES;veraborbajesuino@hotmail.com;Loja foi vendida e novo dono aderiu a outro sistema;Empresas inativas;2019-04-10 08:57:26;false;
1890;43904313000187;J L DOS SANTOS;ANNY PRECO BAIXO FARMACIA;fpb.planalto01@hotmail.com;Fechamento da loja;Empresas inativas;2021-10-27 11:31:11;false;
1551;21130694000151;FPB COQUEIRAL ARACRUZ LTDA ME;FARMACIA PRECO BAIXO COQUEIRAL DE ARACRUZ;precobaixoaracruz@gmail.com;Cliente solicitou cancelamento, pois lojas desse mesmo sócio estão migrando para outro sistema.;Empresas inativas;2018-01-08 13:36:07;true;INATIVA
1959;30474294000154;USINAGEM PLANALTO LTDA;USINAGEM PLANALTO LTDA;hiagosillas7@gmail.com;Gerente não soube informar motivo do cancelamento.;Empresas inativas;2022-08-03 14:59:33;false;
2006;49047174000107;DROGARIA TAVARES LEITE LTDA;REDE SOMA PORTO CANOA;redesomaportocanoa@gmail.com;Cliente fechou a loja.;Empresas inativas;2023-03-06 10:36:57;false;
1425;26156019000115;FPB GAIVOTAS COMERCIO DE MEDICAMENTOS LTDA;FARMACIA PRECO BAIXO PARQUE DE GAIVOTAS;fpbgaivotas.fae@gmail.com;Fechamento da loja;Empresas inativas;2017-02-01 11:39:05;false;
1827;39907133000181;FARMACIA PRECINHO POPULAR PLANALTINA GO LTDA;FARMACIA PRECINHO POPULAR PLANALTINA;fpp.planaltinagoloja3@gmail.com;Cliente solicitou cancelamento, pois lojas desse mesmo sócio estão migrando para outro sistema.;Empresas inativas;2021-03-01 10:10:21;false;
1841;37268929000106;C A MARINHO NETO;BARUC FLORESTAL;financeiro@barucservice.com.br;Cliente buscou sistema mais barato.;Empresas inativas;2021-04-30 08:44:53;false;
2034;49777818000104;RESTAURANTE JP LTDA;RESTAURANTE PICADÃO;restaurantepicadao@hotmail.com;Cliente fechou a loja.;Empresas inativas;2023-07-20 09:57:07;false;
1773;37516268000190;L D LOURENCO & CIA LTDA;POSTO DE MEDICAMENTOS BOM JESUS;farconsumidor@gmail.com;Fechamento da loja;Empresas inativas;2020-07-06 11:51:10;false;
1639;29116528000102;ALESSANDRA AGRISI PAGANINI ME;PADARIA PIO BELLE;alessandraagrisi@gmail.com;Insatisfação com o suporte;Empresas inativas;2018-10-05 14:46:45;false;
1962;46812861000175;DISTRIBUIDORA DE BEBIDAS ITAPOA LTDA;DISTRIBUIDORA ITAPUA;zedobaritapua@gmail.com;Cliente não entrou em contato para cancelamento, apenas deixou de usar o sistema.;Empresas inativas;2022-08-09 14:24:27;false;
1626;27604812000100;ZECHINELLI COMERCIO DE PRODUTOS FARMACEUTICOS LTD;FARMACIA ZECHINELLI;danielzechinelli@hotmail.com;Cliente não se adaptou ao sistema;Empresas inativas;2018-08-31 17:06:56;false;
1504;10397167000191;SHOPLAR UTILIDADES LTDA EPP (LOJA);SHOPLAR UTILIDADES;financeiro.smj@gmail.com;Insatisfação com o suporte;Empresas inativas;2017-08-24 17:35:51;false;
2073;53177360000120;AB FARMA LTDA;AB FARMA LTDA;abfarmaguacui@gmail.com;Contabilidade sugeriu que trocasse de sistema devido a parceria com outro sistema;Empresas inativas;2024-03-14 15:04:22;false;
1601;35198389000106;ZORINHA BATISTA DA SILVA FRANCISCO;FPB CARAMBEI;uelchy.ribas@gmail.com;Loja não chegou a aderir ao sistema.;Empresas inativas;2018-05-10 09:24:08;false;
1691;04210418000184;NOSSA PHARMACIA EIRELI - ME;NOSSA FARMACIA;nossa_farmacianh@hotmail.com;Cliente não entrou em contato para cancelamento, apenas deixou de usar o sistema.;Empresas inativas;2019-05-17 16:12:06;false;
1499;37451216000183;MC COMERCIO DE MEDICAMENTOS LTDA;FARMACIA PRECO MAIS POPULAR;medicamentosmc2740@gmail.com;Cliente não entrou em contato para cancelamento, apenas deixou de usar o sistema.;Empresas inativas;2017-08-16 13:06:28;false;
1694;22299843000173;PEROLA FUNILARIA E PINTURA EIRELI;PEROLA FUNILARIA E PINTURA;perolafunilaria@outlook.com.br;Cliente fechou a loja.;Empresas inativas;2019-06-06 12:16:13;false;
1628;15195543000189;DAYANNE R DE F BARBOSA COMERCIAL FARMACEUTICO ME;FARMACIA SAO PAULO;farmaciasaopauloes@hotmail.com;Insatisfação com o suporte;Empresas inativas;2018-09-06 14:26:22;false;
1838;40602078000109;PADARIA E CONFEITARIA CANTINA PETRUS LTDA;PADARIA E CONFEITARIA CANTINA PETRUS;padariacantinapetrus@gmail.com;Loja foi vendida e novo dono aderiu a outro sistema;Empresas inativas;2021-04-27 08:27:50;false;
1473;29380919000130;FARMACIA FARMAVIDA LTDA ME;FARMACIA FARMAVIDA;doceervaarquivoxml@hotmail.com;(sem motivo registrado);Empresas inativas;2017-07-13 11:55:44;false;
1683;32469660000102;PRAIA MASSAS EIRELI;DELICIAS DO TRIGO;agnuspantaleao@hotmail.com;Cliente solicitou cancelamento, pois lojas desse mesmo sócio estão migrando para outro sistema.;Empresas inativas;2019-04-12 10:01:08;false;
1561;28941852000100;WORD BIER COMERCIO E REPRESENTACAO LTDA - ME;WB COMERCIO E REPRESENTAÇÕES;wellingtondesantana@yahoo.com.br;Cliente fechou a loja.;Empresas inativas;2018-02-14 17:47:08;false;
1743;35974547000172;LETICIA DOS S. ROCHA EIRELI EPP;LETICIA DOS S. ROCHA EIRELI;farmabem2020@gmail.com;Cliente não entrou em contato para cancelamento, apenas deixou de usar o sistema.;Empresas inativas;2020-01-14 14:16:00;false;
1414;26364969000135;HOSPITALARES DISTRIBUIDORA DE MEDICAMENTOS E COR;HOSPITALARES DISTRIBUIDORA;hospitalares2@gmail.com;(sem motivo registrado);Empresas inativas;2017-01-23 15:25:45;false;
1990;48528298000133;DROGARIA FARMALOVE LTDA;DROGARIA FARMALOVE;wallasleitesouza@gmail.com;Gerente não soube informar motivo do cancelamento.;Empresas inativas;2022-11-29 13:17:20;false;
1396;40879440000185;MATEUS SOUZA DA SILVA;FARMACIA CENTRAL;mssmateus@hotmail.com;Contabilidade sugeriu que trocasse de sistema devido a parceria com outro sistema;Empresas inativas;2016-12-13 09:28:40;false;
1456;24928914000185;A S S 2 COMERCIO DE MEDICAMENTOS LTDA - ME;FARMACIA PRECO BAIXO DE POSSE;fpb.posse@gmail.com;Mudança de sistema para o Procfit (migração de toda Preço Baixo);Empresas inativas;2017-05-03 14:06:39;false;
1483;26601970000136;FPB LONDRINA COMERCIO DE MEDICAMENTOS LTDA;FARMACIA PRECO BAIXO LONDRINA;fpb.londrina@gmail.com;Cliente fechou a loja.;Empresas inativas;2017-07-13 12:02:18;false;
1435;26959662000187;FN COMERCIO E REPRESENTACOES DE PRODUTOS PARA SAU;DIAGNOSTICA BIOLIFE;financeiro@prosystemnet.com.br;(sem motivo registrado);Empresas inativas;2017-02-20 14:25:13;false;
1385;26429345000159;B ULIANA FILHO CHEIRO DE BELEZA COSMETICOS ME;CHEIRO DE BELEZA COSMETICOS;financeiro@prosystemnet.com.br;(sem motivo registrado);Empresas inativas;2016-11-07 11:49:39;false;
1662;12300867000141;A ALMEIDA MONTEIRO ME;AUTO CENTER MONTEIRO;autocentermonteiro@yahoo.com.br;Contabilidade sugeriu que trocasse de sistema devido a parceria com outro sistema;Empresas inativas;2019-02-06 13:53:26;false;
1857;41606895000190;FARMAXX DROGARIA EIRELI;MAXFARMA;maxfarmadrogaria1@gmail.com;Contabilidade sugeriu que trocasse de sistema devido a parceria com outro sistema;Empresas inativas;2021-07-14 14:34:49;false;
1679;07922969000169;DROGARIA JI -MED LTDA ME;DROGARIA JI-MED;drogariajimed@hotmail.com;Cliente não se adaptou ao sistema;Empresas inativas;2018-04-23 14:03:17;false;
1756;13669150000134;ROSANGELA MORAIS DIAS ME;LEAL FARMA;ramonlealds@gmail.com;Cliente queria função que não existia no sistema.;Empresas inativas;2018-07-24 15:24:43;false;
1533;33872745000108;B. DE A. CAETANO PIMENTEL MEDICAMENTOS;FARMACIA BEM ESTAR;bdeabemestar@gmail.com;Gerente não soube informar motivo do cancelamento.;Empresas inativas;2017-11-28 16:21:40;false;
1446;26472875000180;FPB CENTRO DE VITORIA 2 COMERCIO DE MEDICAMENTOS L;FARMACIA PRECO BAIXO CENTRO DE VITORIA 2;fpb.costapereira@hotmail.com;Mudança de sistema para o Procfit (migração de toda Preço Baixo);Empresas inativas;2017-03-23 10:51:54;false;
1489;11597594000186;DROGARIA POPULAR LTDA EPP;DROGARIA POPULAR;drogariapopulares1@gmail.com;Gerente não soube informar motivo do cancelamento.;Empresas inativas;2017-07-20 12:54:17;false;
1560;18390950000216;DELBELO COMERCIO DE EMBALAGEN LTDA ME;EMBALLAS;republicaembalagens@hotmail.com;Cliente não entrou em contato para cancelamento, apenas deixou de usar o sistema.;Empresas inativas;2018-02-14 11:05:11;false;
1822;39529537000189;FARMACIA RN CARVALHO LTDA;CEDROFARMA;cedrofarma2020@gmail.com;Contabilidade sugeriu que trocasse de sistema devido a parceria com outro sistema;Empresas inativas;2021-02-26 15:24:35;false;
1613;30635509000171;DROGARIA R Z LTDA;FARMACIA DO TRABALHADOR E APOSENTADOS;ftbrio@outlook.com;Fechamento da loja;Empresas inativas;2018-07-24 09:59:25;false;
1980;48209413000107;DROGARIA NUNES RAMOS LTDA;DROGARIA FARMIX;drogariafarmix@gmail.com;Cliente não entrou em contato para cancelamento, apenas deixou de usar o sistema.;Empresas inativas;2022-10-18 12:44:31;false;
1417;34764674000184;VANILDA DA SILVA OLIVEIRA EIRELI;DROGARIA PRECO+BAIXO;drogprecomaisbaixo@gmail.com;Gerente não soube informar motivo do cancelamento.;Empresas inativas;2017-01-30 15:46:51;false;
2038;45653381000146;DROGARIA UBU LTDA;DROGARIA UBU LTDA;drogariaubu2022@gmail.com;Loja foi vendida e novo dono aderiu a outro sistema;Empresas inativas;2022-04-26 14:00:42;false;
2063;53275097000101;DRUGSTORE EXTRAFARMA LTDA;DRUGSTORE EXTRAFARMA;drugstore.extrafarma1@gmail.com;Cliente solicitou cancelamento, pois lojas desse mesmo sócio estão migrando para outro sistema.;Empresas inativas;2024-02-21 15:30:29;false;
1502;55756971000158;FARMACIA CUIDA BEM LTDA;FARMACIA CUIDA BEM;prettifarma@hotmail.com;Cliente solicitou cancelamento, pois lojas desse mesmo sócio estão migrando para outro sistema.;Empresas inativas;2017-08-24 17:31:35;false;
1623;25066926000100;M M DO NASCIMENTO BERGAMIN ME;FARMACIA VIDA NOVA;letyciapedroni@hotmail.com;Cliente fechou a loja.;Empresas inativas;2017-09-06 15:39:25;false;
1602;30409877000100;DROGARIA APOLINARIO LTDA;DROGARIA CARLA;bfarmadrogaria@gmail.com;Cliente não entrou em contato para cancelamento, apenas deixou de usar o sistema.;Empresas inativas;2018-05-10 14:59:36;false;
1491;27308034000102;FPB PATO BRANCO COMERCIO DE MEDICAMENTOS LTDA ME;FARMACIA PRECO BAIXO DE PATO BRANCO;fpb.patobranco@gmail.com;Cliente fechou a loja.;Empresas inativas;2017-07-26 12:15:10;false;
1672;28326998000138;DROGARIA JR DE OLIVEIRA EIRELI EPP;DROGARIA JR;drogariajrdeoliveira@gmail.com;Cliente não se adaptou ao sistema;Empresas inativas;2019-03-12 08:25:52;false;
1574;19560794000257;MG CHAVES COMERCIO DE MEDICAMENTOS EIRELI.;DROGARIAS POPULAR MATRIZ;keller.fup@gmail.com;Cliente fechou a loja.;Empresas inativas;2018-03-14 15:52:19;false;
1741;29564008000162;FARMACIA POPULAR DE JARU LTDA - ME;FARMACIA POPULAR;farmaciapopularjaru@gmail.com;Cliente fechou a loja.;Empresas inativas;2019-12-31 12:20:12;false;
1373;25368679000105;FPB CIANORTE 2 COMERCIO DE MEDICAMENTOS LTDA;FARMACIA PRECO BAIXO CIANORTE 2;fpb.cianorte2@gmail.com;Gerente não soube informar motivo do cancelamento.;Empresas inativas;2016-09-19 13:10:36;false;
1916;00466223000220;ORIGEM FARMA LTDA;ORIGEM FARMA SANTA TERESA;origemfarma@hotmail.com;Cliente fechou a loja.;Empresas inativas;2022-03-08 14:28:54;false;
1649;25288802000170;DROGARIA OCEANICA LTDA ME;DROGARIA CEU AZUL;financeiro@prosystemnet.com.br;Cliente fechou a loja.;Empresas inativas;2017-03-02 12:58:00;false;
1864;29186528000189;FPB HUMAITA COMERCIO DE MEDICAMENTOS LTDA - EPP;FARMADICAS;fpbhumaita1@gmail.com;Cliente solicitou cancelamento, pois lojas desse mesmo sócio estão migrando para outro sistema.;Empresas inativas;2017-12-29 10:45:34;false;
2000;49126541000150;CAVALCANTE E LIMA LTDA;DROGARIA CAVALCANTES;ernand10slima@gmail.com;Fechamento da loja;Empresas inativas;2023-01-12 09:47:48;false;
2091;49644882000117;PITT STOP ESTETICA AUTOMOTIVA E SERVICOS AUDIOVIS;PITT STOP ESTETICA AUTOMOTIVA E SERVICOS AUDIOVIS;pitstoplavarapido2010@hotmail.com;Cliente não entrou em contato para cancelamento, apenas deixou de usar o sistema.;Empresas inativas;2024-06-17 10:10:52;false;
1695;32574145000192;FPP JARDIM DO INGA COMERCIO DE MEDICAMENTOS LTDA;FARMACIA PRECINHO POPULAR JARDIM DO INGA;fpp.inga1@gmail.com;Gerente não soube informar motivo do cancelamento.;Empresas inativas;2019-06-06 15:56:21;false;
1582;10609860000180;JOSE UYLAME DA SILVA E CIA LTDA ME;FARMACIA CONFIANCA;jose.confianca@hotmail.com;Cliente queria função que não existia no sistema.;Empresas inativas;2018-03-26 13:19:50;false;
1420;26709373000120;YXZ SOLUCOES EDUCACIONAIS E CORPORATIVAS LTDA ME;ZOOM EDUCATION I;administrativo.es@zoom.education;(sem motivo registrado);Empresas inativas;2017-01-31 15:09:11;false;
1753;08429314000116;DROGARIA MANANCIAL LTDA EPP;DROGARIA MANANCIAL;email@email.com;Loja não chegou a aderir ao sistema.;Empresas inativas;2020-03-20 18:31:59;false;
2052;48106748000108;TOPFARMA BREJETUBA LTDA;TOPFARMA BREJETUBA;topfarma.brejetuba@gmail.com;Migração para rede que não utiliza Prosystem.;Empresas inativas;2023-10-23 09:30:31;false;
1873;42384999000160;FARMACIA PRECO BAIXO GUANDU LTDA;FARMÁCIA PREÇO BAIXO GUANDU;fpbguandu@gmail.com;Mudança de sistema para o Procfit (migração de toda Preço Baixo);Empresas inativas;2021-08-23 15:38:16;false;
2111;42595137000186;RUIVO E SOARES COMERCIO E PRODUTOS FARMACEUTICOS .;RUIVO E SOARES COMERCIO E PRODUTOS FARMACEUTICOS .;Monteiroiriri@gmail.com;Cliente não entrou em contato para cancelamento, apenas deixou de usar o sistema.;Empresas inativas;2024-10-25 08:53:57;false;
1658;10234971000150;FARMACIA DO POVO EIRELI;CENTRAL FARMA;centralfarma2018@outlook.com;Cliente queria função que não existia no sistema.;Empresas inativas;2019-01-10 11:42:45;false;
1431;26249405000151;FARDIN E BENINCA LTDA ME;FARMACIA NOVA BRASILIA;Prosystem@prosystem;(sem motivo registrado);Empresas inativas;2017-02-22 10:14:28;false;
1678;32654256000109;A. DIAS DE ALMEIDA LTDA;FARMACIA DO CONSUMIDOR;farconsumidor1@gmail.com;Fechamento da loja;Empresas inativas;2019-03-27 10:40:15;false;
1565;28870112000112;FARMACIA BOM PRECO LTDA - ME;FARMACIA BOM PRECO;fbompreco22@gmail.com;Insatisfação com o suporte;Empresas inativas;2018-02-19 12:25:03;false;
1955;44203399000183;FARMACIA LAMOGLIA LTDA;FARMÁCIA LAMOGLIA;lamogliafarmacia@gmail.com;Cliente fechou a loja.;Empresas inativas;2022-07-26 15:43:30;false;
1605;28779903000131;SABINO FARMA LTDA ME;SABINO FARMA;sabinofarma@hotmail.com;Cliente não entrou em contato para cancelamento, apenas deixou de usar o sistema.;Empresas inativas;2018-01-17 15:00:24;false;
1964;45519483000173;JBS FLORESTAL LTDA;JBS FLORESTAL LTDA;financeiro@jbsflorestal.com.br;Cliente buscou sistema mais barato.;Empresas inativas;2022-08-19 09:13:12;false;
1660;29987183000162;PONTAL COSMETICOS EIRELI ME;TATTO HENNA;pontalcosmeticos@yahoo.com;Fechamento da loja;Empresas inativas;2019-02-01 08:19:21;false;
1884;40843761000120;CC PANIFICADORA EIRELI;CAFE E CIA;padariacafeecia2@gmail.com;Contabilidade sugeriu que trocasse de sistema devido a erros frequentes nos arquivos fiscais.;Empresas inativas;2021-09-28 10:35:41;false;
1374;26039373000160;FARMACIA PRECO BAIXO TAQUARALTO LTDA ME;FARMACIA PRECO BAIXO TAQUARALTO 1;fpb.taquaralto@gmail.com;Mudança de sistema para o Procfit (migração de toda Preço Baixo);Empresas inativas;2016-09-16 16:54:37;false;
1968;45761976000115;NALIA OTICA LTDA;OTICA POPULAR;bruno.s15@hotmail.com;Cliente buscou sistema mais barato.;Empresas inativas;2022-09-06 09:49:06;false;
1712;15322397000105;DROGARIA D & E LTDA ME;DROGARIA DU JUNIOR;farmarodrigues2019@gmail.com;Contabilidade sugeriu que trocasse de sistema devido a parceria com outro sistema;Empresas inativas;2019-09-18 15:29:46;false;
1575;33589874000185;L P DA SILVA COMERCIO DE MEDICAMENTOS EIRELI;EXTRA FARMA;drogariapfarma@gmail.com;Cliente fechou a loja.;Empresas inativas;2018-03-14 15:53:29;false;
1526;27434656000179;CAMARGO & BRASIL LTDA - ME;FARMACIA MENOR PRECO- FILIAL;camargoebrasil@gmail.com;(sem motivo registrado);Empresas inativas;2017-11-27 14:13:15;false;
1562;29567909000108;MONTEIRO PECAS AUTOMOTIVAS LTDA;TERRA & TERRA AUTO PECAS;autopecasterraeterra@yahoo.com;Cliente fechou a loja.;Empresas inativas;2018-02-15 13:23:35;false;
1564;29529204000104;ALCINDO KROHLING DROGARIA ME;DROGARIA ECONOMICA;alcindokrohling@oi.com.br;Cliente fechou a loja.;Empresas inativas;2018-02-19 12:24:12;false;
1828;40674888000162;DM COMERCIO DE FARMACIA EIRELI;DROGARIA MEGA POPULAR;dmfarmacia@terra.com.br;Cliente não entrou em contato para cancelamento, apenas deixou de usar o sistema.;Empresas inativas;2021-03-17 17:46:33;false;
1895;43599472000115;MAGNO L M CAMPOS LTDA;FARMACIA KM 35;magno.imc84@gmail.com;Loja foi vendida e novo dono aderiu a outro sistema;Empresas inativas;2021-11-19 15:38:54;false;
1604;28432011000160;DROGARIA LINHARES LTDA - EPP;FPB LINHARES;drogarialinharesltdaepp@hotmail.com;Cliente fechou a loja.;Empresas inativas;2018-06-08 09:36:09;false;
1913;24110663000127;T J CHURRASCARIA E COMERCIO DE ALIMENTOS LTDA ME;CHURRASCARIA SELF SERVICE VITELA GRILL;tjchurrascaria@hotmail.com;Gerente não soube informar motivo do cancelamento.;Empresas inativas;2022-02-16 11:19:57;false;
1466;24563822000149;ANNA KELLY DA VITORIA COSTA ME;O BARATÃO MATERIAL DE CONSTRUÇÃO;obaratao.material@gmail.com;(sem motivo registrado);Empresas inativas;2017-06-16 08:56:44;false;
1878;28812229000220;DROGADANI LTDA;FARMACIA POPULAR LITORANEA;drogakminas@yahoo.com.br;Cliente queria função que não existia no sistema.;Empresas inativas;2021-08-31 12:56:16;false;
2051;50588272000122;V3 DROGARIA LTDA;PHARMA DA FAMILIA;Ib.uti5@hotmail.com;Contabilidade sugeriu que trocasse de sistema devido a parceria com outro sistema;Empresas inativas;2023-10-19 09:31:19;false;
1929;45738249000137;FARMACIA PRECO BAIXO ITAOCA LTDA;FARMACIA PRECO BAIXO ITAOCA LTDA;fpb.itaoca@gmail.com;Mudança de sistema para o Procfit (migração de toda Preço Baixo);Empresas inativas;2022-04-18 15:17:49;false;
1674;32493139000100;SABOR EXPRESSO PADARIA E RESTAURANTE EIRELI;SABOR EXPRESSO PADARIA E RESTAURANTE;padariasaborexpresso@gmail.com;Cliente fechou a loja.;Empresas inativas;2019-03-19 11:36:55;false;
1633;08048137000128;TOP FARMA DOMINGOS MARTINS LTDA;TOP FARMA DOMINGOS MARTINS;topfarmadomingosmartins@gmail.com;Cliente solicitou cancelamento, pois lojas desse mesmo sócio estão migrando para outro sistema.;Empresas inativas;2018-09-24 08:37:42;false;
1441;26698218000155;DROGALIMA FARMARCIAS LTDA;DROGALIMA - BRASILEIA;drogalimafarm@gmail.com;Cliente não entrou em contato para cancelamento, apenas deixou de usar o sistema.;Empresas inativas;2017-03-17 15:54:22;false;
1909;47314498000120;DROGARIAS AMIGAO LTDA;REDE INOVA;magnokapiche@gmail.com;Gerente não soube informar motivo do cancelamento.;Empresas inativas;2022-01-19 11:33:42;false;
1394;05054602000226;LBL FARMACIA LTDA ME -;REDE FARMES CASTELO FILIAL;castelo@alfacontabilidade.com;(sem motivo registrado);Empresas inativas;2016-11-29 16:52:42;false;
1670;32294545000144;FPP PORTO COMERCIO DE MEDICAMENTOS LTDA;FARMACIA PRECINHO POPULAR PORTO NACIONAL;fppportonacional@gmail.com;Cliente não entrou em contato para cancelamento, apenas deixou de usar o sistema.;Empresas inativas;2019-03-04 10:11:33;false;
1371;26010377000115;FARMACIA PRECO BAIXO DE SOLEDADE LTDA EPP;FARMACIA PRECO BAIXO DE SOLEDADE;fpb.soledade@hotmail.com;Cliente fechou a loja.;Empresas inativas;2016-10-19 14:19:01;false;
1796;38268282000185;DROGARIA RJ LTDA;DROGARIA BOA ESPERANCA;bdrogariaboaesperanca@gmail.com;Migração para rede que não utiliza Prosystem.;Empresas inativas;2020-10-22 13:39:02;false;
1717;34763215000186;F P B APUCARANA COMERCIO DE MEDICAMENTOS LTDA;FPB APUCARANA;fpb.apucarana@gmail.com;Mudança de sistema para o Procfit (migração de toda Preço Baixo);Empresas inativas;2019-10-08 10:38:28;false;
1688;33288773000174;DROGARIA VELASCO LTDA;DROGARIA VELASCO;drogariavelasco@gmail.com;Cliente não entrou em contato para cancelamento, apenas deixou de usar o sistema.;Empresas inativas;2019-04-26 14:23:50;false;
1762;36540183000185;FARMACIA DROGA VIDA EIRELI;FARMACIA DROGA VIDA;farmaciadrogavida20@gmail.com;Loja foi vendida e novo dono aderiu a outro sistema;Empresas inativas;2020-05-14 16:45:32;false;
1525;07240759000190;ROSANGELA MAXIMO DE SOUZA EIRELI - ME;FARMACIA MENOR PRECO- MATRIZ;camargoebrasil@gmail.com;(sem motivo registrado);Empresas inativas;2017-11-17 16:05:21;false;
2061;49241729000149;FPB BARRA DO RIACHO LTDA;FARMACIA PRECO BAIXO BARRA DO RIACHO;precobaixoaracruz@gmail.com;Cliente solicitou cancelamento, pois lojas desse mesmo sócio estão migrando para outro sistema.;Empresas inativas;2024-01-17 10:33:35;true;INATIVA
1548;26953803000154;LAIZ REGINA PASSARELLO ALVES 94336946272;FARMACIA NORTE FARMA;rodrigoansiliero@hotmail.com;Cliente fechou a loja.;Empresas inativas;2018-01-08 13:31:25;false;
2015;49938138000125;SILVA, CAETANO E PAGEL DROGARIA LTDA;FARMACIA PRECO BAIXO SAO JOAQUIM DA BARRA;fpbsaojoaquindabarra@gmail.com;Cliente fechou a loja.;Empresas inativas;2023-04-27 09:47:49;false;
1637;63783609000102;EDMUNDO TEIXEIRA LIMA & CIA LTDA ME;FARMACIA PREÇO ULTRA BAIXO;brasilfarmams@hotmail.com;Cliente não entrou em contato para cancelamento, apenas deixou de usar o sistema.;Empresas inativas;2018-10-03 08:27:32;false;
1814;39614606000152;COMERCIO DE PRODUTOS FARMACEUTICOS FLORES LTDA;FARMACIA DA FAMILIA FLORES;farmaciadafamilianm@gmail.com;Cliente não entrou em contato para cancelamento, apenas deixou de usar o sistema.;Empresas inativas;2021-03-05 14:57:37;false;
1598;28975007000148;FARMACIA E DROGARIA LUNZ & DAL COL LTDA;FARMACIA PRECO BOM;precobomgaby@hotmail.com;Cliente fechou a loja.;Empresas inativas;2018-04-30 11:11:59;false;
1731;28086314000178;FRANCINEIDE A. S. MENDES - COMERCIAL DE MEDICAMENTOS - ME;DROGARIA SAUDE PLUS;erbersonmedeiros@gmail.com;Loja foi vendida e novo dono aderiu a outro sistema;Empresas inativas;2019-11-13 09:58:53;false;
1725;35299027000101;D'MAIS SAUDE MEDICAMENTOS E PERFUMARIAS LTDA;DROGARIA SAUDE;drogariasaudejm@gmail.com;Contabilidade sugeriu que trocasse de sistema devido a parceria com outro sistema;Empresas inativas;2019-10-30 17:43:32;false;
1798;37879516000168;FPB DE VARGEM ALTA LTDA;FPB DE VARGEM ALTA LTDA;fpbvargemalta@gmail.com;Cliente solicitou cancelamento, pois lojas desse mesmo sócio estão migrando para outro sistema.;Empresas inativas;2020-10-30 08:53:34;false;
1848;37068950000168;FPUB COMERCIO DE MEDICAMENTOS LTDA;FARMACIAS PRECO ULTRA BAIXO;fpubfinanceiro5@gmail.com;Cliente solicitou cancelamento, pois lojas desse mesmo sócio estão migrando para outro sistema.;Empresas inativas;2020-05-25 08:25:44;false;
1896;44574211000103;TOP FARMA NOVA VENECIA LTDA;DROGARIA BEIRA RIO;topfarmanovavenecia@gmail.com;Loja foi vendida e novo dono aderiu a outro sistema;Empresas inativas;2021-11-22 15:30:30;false;
1735;23845228000188;J. L. DE LIMA - ME;DROGARIA EXTRA POPULAR;sandrogomesdelimapvh@gmail.com;Cliente não entrou em contato para cancelamento, apenas deixou de usar o sistema.;Empresas inativas;2019-11-26 11:22:23;false;
1490;15757820000108;DROGARIA MACEDO LTDA ME;DROGARIA MAIS BRASIL;gleidson_fo@hotmail.com;(sem motivo registrado);Empresas inativas;2017-07-25 13:36:15;false;
1588;29972475000121;DROGARIA PRECO JUSTO LTDA;DROGARIA PRECO JUSTO;fprecojustonv@gmail.com;Cliente buscou sistema mais barato.;Empresas inativas;2018-04-06 13:34:47;false;
1680;32008100000150;FPP FORMOSA COMERCIO DE MEDICAMENTOS LTDA;FARMACIA PRECINHO POPULAR FORMOSA;fpp.formosa@gmail.com;Cliente fechou a loja.;Empresas inativas;2019-04-05 11:13:39;false;
1792;38406644000157;MNS FARMACIA LTDA;MNS FARMACIA LTDA;stefanny.m.a@hotmail.com;Cliente não entrou em contato para cancelamento, apenas deixou de usar o sistema.;Empresas inativas;2020-09-30 15:13:59;false;
1850;42222293000100;918 MOTORS LTDA;918CAR;car.918@outlook.com;Cliente não se adaptou ao sistema;Empresas inativas;2021-06-14 11:43:56;false;
1370;24072899000116;FARMACIA PRECO BOM JF GETULIO VARGAS LTDA ­ ME;FARMACIA PRECO BOM JF GETULIO VARGAS;fpb.juizdefora5@gmail.com;Cliente não entrou em contato para cancelamento, apenas deixou de usar o sistema.;Empresas inativas;2016-09-15 12:58:56;false;
1764;13662444000134;SENHORINHA & COSTA LTDA ME;FARMACIA SAO JOSE;fsjeoe@hotmail.com;Migração para rede que não utiliza Prosystem.;Empresas inativas;2020-05-22 11:39:27;false;
1754;12997554000194;DROGARIA E PERFUMARIA VIVA BEM EIRELI ME;FARMACIA VIVA BEM;farmaclim@hotmail.com;Cliente queria função que não existia no sistema.;Empresas inativas;2020-03-24 13:01:56;false;
1443;26650057000120;FARMACIA DO TRABALHADOR DE ITAMBACURI EIRELI - EPP;FARMACIA DO TRABALHADOR DE ITAMBACURI;ft.itambacuri@gmail.com;(sem motivo registrado);Empresas inativas;2017-04-19 10:14:31;false;
2121;48386865000164;BRAZILIAN BITES CONSULTORIA EMPRESARIAL LTDA.;BRAZILIAN BITES CONSULTORIA EMPRESARIAL LTDA.;;Fechamento da loja;Empresas inativas;2024-12-20 10:05:09;false;
1865;42082421000159;FARMACIA PRECO BAIXO DE RIO POSSMOSER LTDA;FARMACIA PRECO BAIXO SANTA MARIA 2;fpbsantamaria2@gmail.com;Mudança de sistema para o Procfit (migração de toda Preço Baixo);Empresas inativas;2021-08-09 14:19:34;false;
2086;25018120000147;FARMACIA DO BATISTA LTDA ME;FARMACIA DO BATISTA;muquilab@gmail.com;Cliente não entrou em contato para cancelamento, apenas deixou de usar o sistema.;Empresas inativas;2021-11-29 11:01:57;false;
1892;27360118000187;SARA JANE DOS SANTOS BARBOSA ME;REFRIGERACAO MORIA;carlacristinabarbosa30@gmail.com;Gerente não soube informar motivo do cancelamento.;Empresas inativas;2021-11-11 13:55:26;false;
1482;26520433000161;FPB RJ PADRAO DA FONSECA COMERCIO DE MEDICAMENTOS;FARMACIA BAIXO PRECO;guilhermehenriquecunha@gmail.com;(sem motivo registrado);Empresas inativas;2017-07-13 12:01:18;false;
1509;28072595000100;FPB PAUL COMERCIO DE MEDICAMENTOS LTDA EPP;FARMACIA PREÇO BAIXO DE PAUL;fpb.paul1@gmail.com;Migração para rede que não utiliza Prosystem.;Empresas inativas;2017-09-06 15:36:21;false;
1397;26031389000126;FPB CG 02 COMERCIO DE MEDICAMENTOS LTDA;FARMACIA PRECO BAIXO DE CAMPO GRANDE 02;fpbcampogrande02@gmail.com;Loja foi vendida e novo dono aderiu a outro sistema;Empresas inativas;2016-12-09 12:01:45;false;
2045;42342114000160;DR FARMA FARMACIA E PERFUMARIA LTDA;VILA FARMA MARILANDIA;vilafarma.financeiro@hotmail.com;Cliente não entrou em contato para cancelamento, apenas deixou de usar o sistema.;Empresas inativas;2017-06-27 09:28:24;false;
1530;28832464000183;MEGA POPULAR DROGARIA SAO FRANCISCO LTDA - ME;DROGARIA MEGA POPULAR  SAO FRANCISCO;megapopular2017@gmail.com;Cliente solicitou cancelamento, pois lojas desse mesmo sócio estão migrando para outro sistema.;Empresas inativas;2017-11-28 16:19:29;false;
1590;05956481000127;DROGARIA SAO ROQUINHO LTDA ME;DROGARIA SAO ROQUINHO;milenecampi81@hotmail.com;Insatisfação com o suporte;Empresas inativas;2018-04-10 11:11:24;false;
1407;39405774000138;VILA COMERCIAL LTDA ME;VILA COM;financeiro@vilacomercial.com.br;(sem motivo registrado);Empresas inativas;2017-02-14 10:48:08;false;
1907;44558181000141;MERCADO NOGUEIRA E OLIVEIRA LTDA;MINI MERCADO;minimercadopdn@gmail.com;Cliente fechou a loja.;Empresas inativas;2022-01-12 12:33:26;false;
1806;59467280000195;FARMACIA CARDOSO LTDA;MEDPHARMA;drog.medpharma@hotmail.com;Contabilidade sugeriu que trocasse de sistema devido a parceria com outro sistema;Empresas inativas;2020-12-09 09:11:09;false;
1506;18678121000152;CASALAR IMOVEIS LTDA ME;CASALAR IMOVEIS;financeiro.smj@gmail.com;(sem motivo registrado);Empresas inativas;2017-08-25 12:37:17;false;
1983;27494665000155;MENOR PRECO DROGARIAS LTDA;MENOR PRECO DROGARIAS;mprecodrogarias@gmail.com;Loja foi vendida e novo dono aderiu a outro sistema;Empresas inativas;2022-10-26 10:51:28;false;
1918;00466223000149;ORIGEM FARMA LTDA.;ORIGEM FARMA ARACRUZ;origemfarma@hotmail.com;Fechamento da loja;Empresas inativas;2022-03-08 14:30:43;false;
1767;37334606000173;PET CLUB RACOES LTDA;PET CLUB;petclub2@hotmail.com;Cliente fechou a loja.;Empresas inativas;2020-06-10 12:12:59;false;
1413;26326806000168;FPB CENTRO DE VILA VELHA 2 COMERCIO DE MEDICAMENTO;FPB CENTRO DE VILA VELHA 2;prosystem@prosystem;(sem motivo registrado);Empresas inativas;2016-12-29 10:13:01;false;
1430;27070736000192;FARMACIA PRECO BAIXO SANTARENZINHO LTDA;FARMACIA PRECO BAIXO SANTARENZINHO;fpbsantarenzinho@hotmail.com;Cliente não entrou em contato para cancelamento, apenas deixou de usar o sistema.;Empresas inativas;2017-02-10 15:23:57;false;
1478;27995580000150;F. P. B. SANTAREM CENTRO LTDA;FARMACIA PRECO BAIXO SANTAREM CENTRO;nfprecobaixo@gmail.com;Cliente solicitou cancelamento, pois lojas desse mesmo sócio estão migrando para outro sistema.;Empresas inativas;2017-07-03 11:41:16;false;
1720;33926740000102;SCHWAN FARMA EIRELI;MAINETTI FARMA;mainettifarma@yahoo.com;Fechamento da loja;Empresas inativas;2019-10-15 14:19:38;false;
1761;34093234000142;W. G DE HOLANDA COMUNICACAO E MARKETING;W VIX;wilton@premiode.com;Cliente não se adaptou ao sistema;Empresas inativas;2020-05-07 12:54:48;false;
1375;25072313000186;FPB SANTO ANTONIO DO DESCOBERTO COMERCIO DE MEDICA;FPB SANTO ANTONIO DO DESCOBERTO;suporte@prosystemnet.com.br;(sem motivo registrado);Empresas inativas;2016-09-16 16:57:10;false;
1388;26168307000190;FARMACIA PRECO BAIXO DE BARBOSA FERRAZ LTDA ME;FARMACIA PRECO BAIXO DE BARBOSA FERRAZ;financeiro@prosystemnet.com.br;(sem motivo registrado);Empresas inativas;2016-11-10 18:25:55;false;
1415;24913680000100;ROSA DE SARON PADARIA E CONFEITARIA EIRELI ME;PADARIA ROSA DE SAROM;financeiro@prosystemnet.com.br;(sem motivo registrado);Empresas inativas;2017-01-17 10:04:27;false;
2125;48247626000123;ANA CAROLINA NOGUEIRA CIRINO;NOVO TEXAS;anacirino137@gmail.com;Cliente não se adaptou ao sistema;Empresas inativas;2025-01-14 13:51:13;false;
1723;08606059000130;DROGARIA PRECO POPULAR DE JARU EIRELI;DROGARIA PRECO POPULAR;dg.precopopular@outlook.com;Gerente não soube informar motivo do cancelamento.;Empresas inativas;2019-10-24 11:36:15;false;
1667;39808357000136;DROGARIA HEUDES LTDA ME;FARMAVILL;tiagoaugusto_gc@hotmail.com;Cliente fechou a loja.;Empresas inativas;2019-02-28 08:28:46;false;
1891;43270770000167;M R S ROCHA SAPATOS DE LUXO;MILLANA RAMOS;millanasimoes@hotmail.com;Gerente não soube informar motivo do cancelamento.;Empresas inativas;2021-11-08 07:59:02;false;
1770;30709237000107;ALQUIMIA E FARMACEUTICA BARRETO EIRELI - BARRA DE ITAPEMIRIM;DROGARIA REDE BOM PREÇO - BARRA DE ITAPEMIRIM;drogariabomprecopontal@gmail.com;Cliente fechou a loja.;Empresas inativas;2020-06-22 10:28:34;false;
1581;21862231000184;E. B. DA SILVA MATIAS - ME;FARMACIA BEM POPULAR;bempopular@hotmail.com;Cliente fechou a loja.;Empresas inativas;2018-03-26 13:19:17;false;
1568;24933134000123;BRUSQUI E ADAME DROGARIA LTDA - EPP;FARMACIA MENOR PRECO;brusque.adame@gmail.com;(sem motivo registrado);Empresas inativas;2018-03-01 13:49:49;false;
1454;32445868000191;BIOFARM C PROD FARMACEUTICOS LTDA EPP;BIOFARM MANIPULAÇÃO;adm@biofarmsaude.com.br;Cliente fechou a loja.;Empresas inativas;2017-05-19 15:42:33;false;
1987;40631463000176;BONJARDIM FARMA LTDA.;RAPIDFARMA CANGURU;rapidfarmagestao@gmail.com;alterado codigo no suporte;Empresas inativas;2022-05-23 13:50:59;false;
1492;27571214000174;FARMACIA FAMILIA EIRELI ME MATRIZ;FARMACIA FAMILIA ITAIPAVA;farmaciafamilia17@outlook.com;(sem motivo registrado);Empresas inativas;2017-08-01 13:17:38;false;
1433;26828569000133;VINICIUS EUGENIO MARTINS DE MEDEIROS ME;FARMAVILA NOVA;vmfarmavila@gmail.com;Cliente fechou a loja.;Empresas inativas;2017-04-10 11:26:23;false;
2107;57143213000190;57.143.213 CHIRLEY DE LOURDES LOPES LOURENCO;CHIRLEY DE LOURDES LOPES LOURENCO;ODILIOLOURENCO01@GMAIL.COM;Cliente fechou a loja.;Empresas inativas;2024-09-30 13:50:15;false;
1982;48251597000173;FARMAGAUDIO PRODUTOS FARMACEUTICOS LTDA;FARMAGAUDIO;farmagaudio47@gmail.com;Fechamento da loja;Empresas inativas;2022-10-21 14:54:25;false;
1498;49366854000185;FARMACIA ZAMBALDI LTDA;DROGARIA ZAMBALDI JARDIM TROPICAL;drogariacopacabana@hotmail.com;Cliente queria função que não existia no sistema.;Empresas inativas;2017-08-11 12:46:30;false;
1519;28718694000116;DROGARIA 3G LTDA ME;FARMACIA DROGAMAIS;farmaciadrogamais3g@gmail.com;Cliente não entrou em contato para cancelamento, apenas deixou de usar o sistema.;Empresas inativas;2017-10-19 16:08:36;false;
1593;05074702000133;NORTE FARMACENTRO EIRELI - EPP;FARMACIA BOM JESUS - FILIAL;fbjce@hotmail.com;Cliente não entrou em contato para cancelamento, apenas deixou de usar o sistema.;Empresas inativas;2018-04-17 16:15:19;false;
2131;55446203000106;CAMELIA BOUTIQUE COMERCIO LTDA;CAMELIA;cameliaoficial24@gmail.com;Fechamento da loja;Empresas inativas;2025-03-07 14:51:16;false;
1943;46470642000155;NOSSA FARMA LTDA;NOSSA FARMA LTDA;farmacia.nossafarma@hotmail.com;Cliente não entrou em contato para cancelamento, apenas deixou de usar o sistema.;Empresas inativas;2022-05-23 09:20:23;false;
1790;35826750000100;DROGARIA M&S LTDA;DROGARIA RAIANY;drogariames01@gmail.com;Cliente fechou a loja.;Empresas inativas;2020-09-28 15:21:04;false;
2039;51617571000100;FARMACIA EMANUELLE LTDA;FARMACIA EMANUELLE;farmaciaemanuelle.ibatiba@outlook.com;Contabilidade sugeriu que trocasse de sistema devido a parceria com outro sistema;Empresas inativas;2023-08-08 11:14:47;true;INATIVA
1876;32488858000133;WILLIAM FELIX DE PAULA MENEZES 13075029700;PARAISO DA PESCA;paraisopesaca@hotmail.com;Gerente não soube informar motivo do cancelamento.;Empresas inativas;2021-08-30 09:43:55;false;
1668;31611412000191;FPP LUZIANIA COMERCIO DE MEDICAMENTOS LTDA;FARMACIA PRECINHO POPULAR  LUZIANIA;fpp.luziania@gmail.com;Cliente solicitou cancelamento, pois lojas desse mesmo sócio estão migrando para outro sistema.;Empresas inativas;2019-03-01 10:11:27;false;
1367;24923301000155;FPB SARANDI COMERCIO DE MEDICAMENTOS  LTDA;FARMACIA PRECO BAIXO SARANDI;fpb.sarandi@gmail.com;(sem motivo registrado);Empresas inativas;2016-08-31 11:28:41;false;
2106;47949575000119;FARMA SOUZA LTDA;FARMA SOUZA LTDA;farmasouzafarmacia@gmail.com;Cliente fechou a loja.;Empresas inativas;2024-09-18 15:45:52;false;
1496;39780879000177;CONDOMÍNIO DO SHOPPING VITÓRIA;CONDOMINIO DO SHOPPING VITORIA;nfe.ti@shoppingvitoria.com.br;Cliente solicitou cancelamento, pois lojas desse mesmo sócio estão migrando para outro sistema.;Empresas inativas;2017-08-03 12:48:48;false;
2019;44336300000111;FARMA CENTER COMERCIO DE PRODUTOS FARMACEUTICOS LT;FARMA CENTER COMERCIO DE PRODUTOS FARMACEUTICOS LT;feconomicaeoe@gmail.com;Cliente não entrou em contato para cancelamento, apenas deixou de usar o sistema.;Empresas inativas;2023-05-08 13:02:34;false;
375;15575263000104;luizmar;são francisco;saofrancisco@yahoo.com.br;(sem motivo registrado);Empresas inativas;2017-02-03 13:47:37;false;
1886;41497548000176;FARMACIA VIDA LTDA;FARMAVIDA;vidafarmacia@hotmail.com;Gerente não soube informar motivo do cancelamento.;Empresas inativas;2021-10-06 11:40:29;false;
1888;28056534000159;BRASAS EQUIPAMENTOS DE COMBATE A INCENDIO EIRELI;BRASAS EQUIPAMENTOS DE COMBATE A INCENDIO;financeiro@brasasextintores.com.br;Cliente queria função que não existia no sistema.;Empresas inativas;2021-10-14 10:34:59;false;
1752;01963059000148;DROGARIA BOM PRECO LTDA;DROGARIA REDE BOM PRECO -  PONTAL DA BARRA;drogariabomprecopontal@gmail.com;Cliente fechou a loja.;Empresas inativas;2020-02-24 10:59:23;false;
1522;25354444000318;R ROCHA FURTADO - ME;FARMACIA MAIS PRECO BOM;farmaciarrf@hotmail.com;Gerente não soube informar motivo do cancelamento.;Empresas inativas;2017-10-20 08:12:44;false;
1849;41361060000117;SANSIL PADARIA E LANCHONETE LTDA;SANSIL PADARIA E LANCHONETE LTDA;SANSILPADARIA.21@OUTLOOK.COM;Cliente não entrou em contato para cancelamento, apenas deixou de usar o sistema.;Empresas inativas;2021-06-14 11:05:08;false;
1549;29164408000180;DROGARIA NELSON SANTOS LTDA ME;FARMACIA PAGA MENOS;fernandomata_2018@icloud.com;Cliente fechou a loja.;Empresas inativas;2018-01-08 13:32:53;false;
1651;31377852000126;FARMACIA PRECO BAIXO GURUPI COM MEDICAMENTOS LTDA;FPB GURUPI;fpb.gurupi@gmail.com;Cliente solicitou cancelamento, pois lojas desse mesmo sócio estão migrando para outro sistema.;Empresas inativas;2018-11-30 09:55:47;false;
1711;07171745000162;WR DROGARIA LTDA EPP;DROGARIA BOM PRECO;farmaciabomprecobf@gmail.com;Cliente buscou sistema mais barato.;Empresas inativas;2019-09-16 10:59:11;false;
1666;31733545000130;FPP AGUAS LINDAS COMERCIO DE MEDICAMENTOS LTDA;FARMACIAS PRECINHO POPULAR;fpp.aguaslindas@gmail.com;Cliente solicitou cancelamento, pois lojas desse mesmo sócio estão migrando para outro sistema.;Empresas inativas;2019-02-20 08:20:31;false;
1846;07448999000185;DROGARIA NOSSA SENHORA DOS NAVEGANTES LTDA;FARMACIA TREVO MARATAIZES;farmaciatrevo.marataizes@gmail.com;Cliente solicitou cancelamento, pois lojas desse mesmo sócio estão migrando para outro sistema.;Empresas inativas;2021-06-10 10:53:47;false;
2066;53161092000158;CARVALHO MARTINS MEDICAMENTOS E PERFUMARIA LTDA;BOM PRECO;;Fechamento da loja;Empresas inativas;2024-02-27 15:55:04;false;
1517;26774114000182;DROGARIA CESCONETTO LTDA ME;REDE INOVA SANTA MONICA;julianacesconetto@hotmail.com;Contabilidade sugeriu que trocasse de sistema devido a parceria com outro sistema;Empresas inativas;2017-09-28 12:38:00;false;
1468;27815047000160;MIDIA SERVICOS DE PROPAGANDA EIRELI ME;MIDIA SERVICOS DE PROPAGANDA;atendimento.midia@hotmail.com;Cliente não entrou em contato para cancelamento, apenas deixou de usar o sistema.;Empresas inativas;2017-06-16 08:58:14;false;
1462;27484381000188;A. F. LOPES EPP;DROGARIA LOPES;drogarianovabrasilia@hotmail.com;Insatisfação com o suporte;Empresas inativas;2017-05-23 15:35:47;false;
1676;06991237000168;ERVA DOCE FARMACIA DE MANIPULACAO LTDA ME;ERVA DOCE FARM. DE MANIPULACAO;ervadocejipa@hotmail.com;Cliente queria função que não existia no sistema.;Empresas inativas;2017-11-03 13:23:15;false;
1486;27876587000153;FARMACIA PRECO BAIXO ATAIDE LTDA ME;FARMACIA PRECO BAIXO ATAIDE;fpb.ataide@gmail.com;Loja foi vendida e novo dono aderiu a outro sistema;Empresas inativas;2017-07-20 15:50:44;false;
1866;14514406000105;SERGIO RICARDO DOS SANTOS ME;FARMACIA POPULAR;;Fechamento da loja;Empresas inativas;2021-08-09 14:38:18;false;
1971;31647457000116;MARIA EDUARDA PANCIERI JUNCA ME;MARIA EDUARDA PANCIERI JUNCA ME;edson2402.n@gmail.com;Cliente fechou a loja.;Empresas inativas;2022-09-12 10:13:31;false;
1603;20370020000161;INFINITY CENTER BRASIL EIRELI - ME;INFINITY CENTER;adm@hsibrasil.com.br;Cliente fechou a loja.;Empresas inativas;2018-06-07 16:56:26;false;
1609;51295156000188;DROGARIA ZAMBALDI EIRELI EPP;REDE INOVA DROGARIAS ZAMBALDI;drogariacopacabana_filial@hotmail.com;Cliente queria função que não existia no sistema.;Empresas inativas;2018-06-25 14:12:45;false;
1422;26688716000117;MARECHAL FARMA LTDA ME;MARECHAL FARMA;dierisones@gmail.com;(sem motivo registrado);Empresas inativas;2017-03-30 16:30:51;false;
1643;08303275000106;P. R. M. DUTRA - ME;RONDON FARMA;lmrondonfarma@hotmail.com;Migração para rede que não utiliza Prosystem.;Empresas inativas;2018-10-30 08:35:22;false;
2120;58180483000133;58.180.483 PATRICK FABRES ALBERNAZ;CLIP PAPELARIA;clippapelaria01@gmail.com;Cliente não se adaptou ao sistema;Empresas inativas;2024-12-20 10:06:08;false;
1784;37767398000104;FARMA VILLA MEDICAMENTOS E PERFUMARIAS LTDA;PHARMA VILLA;pharmavilla.alegre.es@gmail.com;Loja foi vendida e novo dono aderiu a outro sistema;Empresas inativas;2020-08-18 11:29:19;false;
2101;20732065000210;GBOM COMERCIO DE ALIMENTOS LTDA;EMPÓRIO JORDÃO;c.siqueiralima@gmail.com;Loja foi vendida e novo dono aderiu a outro sistema;Empresas inativas;2024-08-14 08:01:04;false;
1410;26610184000103;DROGARIA LAGOA GRANDE LTDA ME;FARMACIA PONTA DA FRUTA;fpontadafruta@gmail.com;Migração para rede que não utiliza Prosystem.;Empresas inativas;2016-12-30 14:23:31;false;
2071;43327062000115;FPB EH COMERCIO DE MEDICAMENTOS LTDA;FARMACIA PRECO BAIXO CENTRO VITORIA;ehfarma91@gmail.com;Cliente não entrou em contato para cancelamento, apenas deixou de usar o sistema.;Empresas inativas;2024-03-06 16:28:09;false;
1369;32437455000165;ABRANTES E MALLIOTTI COMERCIO DE MEDICAMENTOS LTDA;DROGARIA ULTRA BEM;edsonabrantes1234@gmail.com;Cliente não se adaptou ao sistema;Empresas inativas;2016-09-09 08:51:58;false;
1940;45812145000125;FARMACIA DO TRABALHADOR LTDA;FARMACIA DO TRABALHADOR;gustavo15reis@gmail.com;Cliente solicitou cancelamento, pois lojas desse mesmo sócio estão migrando para outro sistema.;Empresas inativas;2022-05-17 09:27:47;false;
1497;26520433000242;FPB RJ PADRAO DA FONSECA COM DE MEDICAMENTOS;FARMACIA BAIXO PRECO LARGO DA BATALHA;fpb.largodabatalha@gmail.com;(sem motivo registrado);Empresas inativas;2017-08-08 17:46:40;false;
1718;35020430000150;A.C DE ALMEIDA FARMACIA;FARMACIA CARONE;farmaciacarone1015@gmail.com;Loja não chegou a aderir ao sistema.;Empresas inativas;2019-10-10 11:25:05;false;
1748;35094964000120;FPB PALMAS 3 COMERCIO DE MEDICAMENTOS LTDA;FARMACIA PRECO BAIXO PALMAS 3;fpbpalmas3@gmail.com;Cliente solicitou cancelamento, pois lojas desse mesmo sócio estão migrando para outro sistema.;Empresas inativas;2020-02-03 14:17:20;false;
1782;36728915000165;SIGA MAIS FARMA LTDA;SIGA MAIS FARMA;rh@redesigamais.com.br;Cliente fechou a loja.;Empresas inativas;2020-08-12 10:45:14;false;
1737;08333927000155;WALQUIRIA SANTANA DA SILVA;DIVA COSMÉTICOS;divacosmeticos19@gmail.com;Cliente não se adaptou ao sistema;Empresas inativas;2019-11-28 10:57:28;false;
1589;29578527000180;SANTA RITA FARMACIA E PERFUMARIA LTDA ME;VILA FARMA SANTA RITA;vilafarma.financeiro@hotmail.com;Cliente fechou a loja.;Empresas inativas;2018-04-06 13:35:19;false;
1869;58947170000168;F LUNARDI LTDA;AGRO BRASIL;;Fechamento da loja;Empresas inativas;2021-08-31 15:01:09;false;
1803;13005258000122;DROGARIA PREÇO BOM LTDA;DROGARIA POPULAR;apopulardrogaria@gmail.com;Cliente fechou a loja.;Empresas inativas;2020-11-30 11:33:23;false;
1629;17660956000112;MATUSALEM FROSSARD ME;DROGARIA FARMA EM VIDA;farmaemvida@hotmail.com;Loja foi vendida e novo dono aderiu a outro sistema;Empresas inativas;2018-09-06 14:26:52;false;
1910;11279493000167;BARUC FLORESTAL EIRELI;BARUC FLORESTAL;financeiro@baruc.com.br;Fechamento da loja;Empresas inativas;2022-01-19 14:47:06;false;
1937;39322611000191;DROGARIA PLENITUDE LTDA;DROGARIA PLENITUDE;drogariaplenitudeltda@hotmail.com;Cliente fechou a loja.;Empresas inativas;2020-11-30 15:15:27;false;
1488;27020089000104;FPB VILA JAIARA COMERCIO DE MEDICAMENTOS LTDA;FARMACIA PRECO BAIXO VILA JAIARA;fpb.anapolis@gmail.com;Cliente não entrou em contato para cancelamento, apenas deixou de usar o sistema.;Empresas inativas;2017-07-20 13:17:56;false;
2100;23018603000116;C.R.M DE CASTRO - TRAMAR.ART;TRAMAR.ART;tramar.art@gmail.com;Cliente não entrou em contato para cancelamento, apenas deixou de usar o sistema.;Empresas inativas;2024-08-05 15:26:07;false;
1779;37652618000146;DROGARIA CASTEGLIONE LTDA;DROGARIA PREÇO JUSTO;dprecojusto@gmail.com;Cliente insatisfeito com erro do sistema.;Empresas inativas;2020-08-04 08:03:50;false;
1580;34789008000109;E. C. JESUINO & CIA LTDA - EPP;FARMACENTER;farmacenter.vha@hotmail.com;Cliente fechou a loja.;Empresas inativas;2018-03-26 13:18:35;false;
1500;26673399000165;GLADIS DE OLIVEIRA PUPPIN - DROGARIA PUPPIN ME;DROGARIA PUPPIN;farmaciapuppin@gmail.com;Loja foi vendida e novo dono aderiu a outro sistema;Empresas inativas;2017-08-21 12:52:13;false;
1780;37742932000110;PADARIA MAIS QUE MASSA LTDA;PADARIA MAIS QUE MASSA LTDA;andressa.zuco@outlook.com;Cliente não se adaptou ao sistema;Empresas inativas;2020-08-04 08:01:40;false;
1816;28752945000189;REDE DE FARMACIAS SCHMIDT EIRELI;FARMACIA SCHMIDT;farmaciaschmidtgarrafao@hotmail.com;Fechamento da loja;Empresas inativas;2021-02-02 08:58:54;false;
1985;48544534000105;ALYSON DOS SANTOS SILVA LTDA;DESCONTAO SUPERMERCADO;alyson_t2@hotmail.com;Fechamento da loja;Empresas inativas;2022-11-30 15:31:31;false;
1808;39730108000175;M F FARMACIA E MEDICAMENTOS LTDA;FARMACIA BEM POPULAR;romafarmajipa@gmail.com;Insatisfação com o suporte;Empresas inativas;2020-12-31 13:19:35;true;INATIVA
1606;30209657000124;DROGARIA TABITA EIRELI;FARMACIA LITORAL;farmaciaslitoral@gmail.com;Loja foi vendida e novo dono aderiu a outro sistema;Empresas inativas;2018-06-18 14:50:24;false;
1924;37748997000172;ARIADINI DE SOUZA DA SILVA;FORTE A CONSTRUTOR;adinisilva@live.com;Loja não chegou a aderir ao sistema.;Empresas inativas;2022-03-17 11:15:03;false;
2119;58485858000173;FPB NOVA ITAIPAVA COMERCIO DE MEDICAMENTOS LTDA;FPB NOVA ITAIPAVA;fpbnovaitaipava@gmail.com;Cliente solicitou cancelamento, pois lojas desse mesmo sócio estão migrando para outro sistema.;Empresas inativas;2024-12-19 12:42:31;true;ATIVA
1646;31951768000174;VOCE MAIS BELA COMERCIO E REPRESENTACOES LTDA;VOCE MAIS BELA;vocemaisbeladistribuidora@gmail.com;Cliente fechou a loja.;Empresas inativas;2018-11-16 16:35:13;false;
1823;38058613000152;ISAFARMA LTDA;VALENTINA FARMA;farmahelena@hotmail.com;Cliente fechou a loja.;Empresas inativas;2021-03-01 10:04:37;false;
1555;38293241000149;SIMOES & MOREIRA DROGARIA LTDA;DROGARIA BEM ESTAR;drogariabemestareireli1@hotmail.com;Loja foi vendida e novo dono aderiu a outro sistema;Empresas inativas;2018-01-17 14:19:26;false;
1507;28380019000120;FARMACIA DROGALIDER LTDA ME;FARMACIA DROGALIDER;drogalider1@hotmail.com;Fechamento da loja;Empresas inativas;2017-08-31 12:51:41;false;
1634;31554931000165;CAROLL EMBALAGENS EIRELI;CARAPINA EMBALAGENS;comercial.carapina@yahoo.com;Cliente queria função que não existia no sistema.;Empresas inativas;2018-09-21 15:41:55;false;
1715;22466902000150;CASAGRANDE E MOTA LTDA - ME;FARMACIA POPULAR;farmaciapopulareoe@gmail.com;Cliente fechou a loja.;Empresas inativas;2019-09-30 18:01:26;false;
1617;30368951000189;RITA DE CASSIA JUCA SEABRA;JUCA - PADARIA ARTESANAL;jucanacozinha@gmail.com;Cliente queria função que não existia no sistema.;Empresas inativas;2018-07-26 18:40:11;false;
1493;27571214000255;FARMACIA FAMILIA EIRELI ME FILIAL;FARMACIA FAMILIA ANCHIETA;farmaciafamilia17@outlook.com;(sem motivo registrado);Empresas inativas;2017-08-01 13:16:10;false;
1945;45342072000155;FPB MAGUARI COMERCIO DE MEDICAMENTOS LTDA;FPB MAGUARI COMERCIO DE MEDICAMENTOS LTDA;fpbmaguari@hotmail.com;Cliente fechou a loja.;Empresas inativas;2022-05-23 15:38:03;false;
1671;32326074000109;FPB TAQUARALTO COM DE MEDICAMENTOS LTDA;FARMACIA PRECO BAIXO DE TAQUARALTO 2;fpb.taquaralto2@gmail.com;Mudança de sistema para o Procfit (migração de toda Preço Baixo);Empresas inativas;2019-03-08 11:20:51;false;
1977;47657132000154;FPB CAMARA LTDA;FARMACIA PREÇO BAIXO DE VILA CAPIXABA;fpbvilacapixaba@gmail.com;Troca de cnpj, por outro que já era cliente. loja anterior fechou;Empresas inativas;2022-10-05 15:59:23;false;
2035;04341785000117;F E JI-PARANA COMERCIO DE MEDICAMENTOS LTDA;FARMACIA PRECO BAIXO VALE DO ANARI;farmaciaecofarma31@gmail.com;Fechamento da loja;Empresas inativas;2017-11-01 13:20:51;false;
1922;41449394000147;BFD PHARMA LTDA;BFD PHARMA LTDA;;Fechamento da loja;Empresas inativas;2022-03-09 09:56:43;false;
1675;05054602000145;LBL FARMACIA LTDA ME;REDE FARMES CASTELO MATRIZ;farmaciavitta@yahoo.com.br;Cliente não entrou em contato para cancelamento, apenas deixou de usar o sistema.;Empresas inativas;2016-11-29 16:51:38;false;
1392;26125145000102;FARMACIA PRECO BAIXO DE SAO JOSE LTDA;FARMACIA PRECO BAIXO DE FORQUILINHAS;rodebarreto@gmail.com;Cliente queria função que não existia no sistema.;Empresas inativas;2016-12-05 16:29:15;false;
1395;09390296000179;DROGARIA WANCLEY LTDA EPP;DROGARIA WANCLEY;farmaciadowancley@gmail.com;Contabilidade sugeriu que trocasse de sistema devido a erros frequentes nos arquivos fiscais.;Empresas inativas;2016-12-01 08:46:32;false;
1377;22379560000212;DROGARIA DEUS PROVERA LTDA ME.;DROGARIA AVENIDA;drogariadesconto@hotmail.com;Fechamento da loja;Empresas inativas;2017-01-16 11:20:24;false;
1644;30391391000183;FPB FOZ DO IGUACU COMERCIO DE MEDICAMENTOS LTDA;FPB FOZ DO IGUACU;fpb.fozdoiguacu@gmail.com;Insatisfação com o suporte;Empresas inativas;2018-10-31 09:29:24;false;
1721;29082255000122;R A C SOUZA CARVALHO ME;DROGARIA TREZE DE MAIO;drogariatrezedemaio@gmail.com;Fechamento da loja;Empresas inativas;2019-10-17 10:48:53;false;
1726;34579861000198;FPP TAGUATINGA II COMERCIO DE MEDICAMENTOS LTDA;FARMACIA PRECINHO POPULAR;vorixfin@gmail.com;Cliente fechou a loja.;Empresas inativas;2019-11-07 10:48:18;false;
1480;15415418000137;ESPACO VERDE NUTRITION LTDA ME;ESPACO VERDE NUTRITION LTDA ME;lenonsenna@hotmail.com;(sem motivo registrado);Empresas inativas;2017-07-13 11:58:46;false;
1511;07075411000195;FARMACIA DELL SANTO LTDA - ME;FARMACIA SÃO JOSE MANIPULAÇÃO;manipulacaosaojosecolatina@gmail.com;(sem motivo registrado);Empresas inativas;2017-09-05 16:11:49;false;
1577;29701036000184;SANDRO FERREIRA FILHO COSMETICOS ME;GATONA COSMETICOS;gatonacosmeticos@gmail.com;Cliente fechou a loja.;Empresas inativas;2018-03-14 17:39:40;false;
2076;13780140000252;ZULEIKA DA S. MENEZES LTDA;FARMACIA E LABORATORIO JACIFAR;jacifarmabarato@gmail.com;Cliente não entrou em contato para cancelamento, apenas deixou de usar o sistema.;Empresas inativas;2024-05-16 07:58:08;false;
1599;30294660000193;A. FURTADO;FARMACIA SUPER POPULAR;asselma_furtado@hotmail.com;Cliente buscou sistema mais barato.;Empresas inativas;2018-05-02 14:03:20;false;
1408;09173120000165;FARMACIA DO TRABALHADOR DE ITABIRINHA LTDA ME;FARMACIA DOS TRABALHADORES;farmaciadotrabalhador-ita@hotmail.com;Cliente fechou a loja.;Empresas inativas;2016-12-13 13:25:37;false;
1615;08845829000105;DROGARIA SAO PEDRO LTDA;FARMACIA TREVO;farmaciatrevovni@gmail.com;Cliente não se adaptou ao sistema;Empresas inativas;2018-07-17 09:14:31;false;
2083;38323236000131;CIA DE COMERCIO VAREJISTA FARMACEUTICA LTDA;DROGARIA EUROPA;rosealves_lima@hotmail.com;Loja não chegou a aderir ao sistema.;Empresas inativas;2024-05-16 11:09:15;false;
1885;27796488000161;MOVEIS CALDEIRAS EIRELI - ME;MOVEIS CALDEIRAS;casanovaplanejado@hotmail.com;Loja não chegou a aderir ao sistema.;Empresas inativas;2021-09-28 10:47:32;false;
2112;42595137000267;RUIVO E SOARES COMERCIO E PRODUTOS FARMACEUTICOS L;RUIVO E SOARES COMERCIO E PRODUTOS FARMACEUTICOS L;Monteiroiriri@gmail.com;Cliente não entrou em contato para cancelamento, apenas deixou de usar o sistema.;Empresas inativas;2024-10-25 08:55:36;false;
1412;26418286000113;FPB MONTE NEGRO COMERCIO DE MEDICAMENTOS LTDA EPP;FARMACIA PRECO BAIXO DE MONTE NEGRO;fpb.montenegro@gmail.com;Cliente não entrou em contato para cancelamento, apenas deixou de usar o sistema.;Empresas inativas;2016-12-28 12:38:13;false;
1391;26095524000105;BENINCA E FARDIN LTDA ME;FARMACIA SAO JOSE;flavio_beninca@hotmail.com;(sem motivo registrado);Empresas inativas;2016-11-23 15:13:08;false;
1384;19232802000155;HEXA FARMA COMERCIO DE PRODUTOS FARMACEUTICOS LTDA;FARMACIA PRECO BAIXO PORTO VELHO;farmaciaprecobaixo7@gmail.com;Cliente não entrou em contato para cancelamento, apenas deixou de usar o sistema.;Empresas inativas;2016-11-07 12:09:46;false;
1842;37986146000168;SOL E MAR COMERCIO DE PECAS E MANUTENCAO LTDA;SOL E MAR MOTOS;autosolemarmotos@outlook.com;Cliente solicitou cancelamento, pois lojas desse mesmo sócio estão migrando para outro sistema.;Empresas inativas;2021-04-30 09:00:09;false;
1612;24571510000187;J C FARMACIAS LTDA - ME;FPB DE PALMAS;fpb.palmas01@gmail.com;Cliente não entrou em contato para cancelamento, apenas deixou de usar o sistema.;Empresas inativas;2018-07-06 12:59:21;false;
1495;27857728000190;DROGARIA LOURES E LOURES LTDA;DROGARIA POPULAR;drogarialoures@gmail.com;Insatisfação com o suporte;Empresas inativas;2017-08-03 12:50:50;false;
2077;53936304000121;RSD COMERCIO DE MEDICAMENTOS LTDA;DURAN FARMA POPULAR;renatasampaioduran@gmail.com;Cliente fechou a loja.;Empresas inativas;2024-04-17 09:23:22;false;
1663;14633814000259;NOGUEIRA & OLIVEIRA LTDA M;FARMACIA FARMAVIDA;farmavida.pdm@gmail.com;Fechamento da loja;Empresas inativas;2019-02-11 14:20:15;false;
2003;32988783000150;PX STORE LTDA;PX STORE LTDA;polieltonf@gmail.com;Cliente insatisfeito com erro do sistema.;Empresas inativas;2023-01-17 11:02:16;false;
1776;29186528000260;FPB HUMAITA COMERCIO DE MEDICAMENTOS LTDA - EPP.;FARMÁCIA PREÇO BAIXO HUMAITA;filial01fpbhumaita@gmail.com;Cliente insatisfeito com erro do sistema.;Empresas inativas;2020-07-28 13:40:28;false;
1445;39327531000129;ARMAZEM DOS GENERICOS LTDA ME;ARMAZEM DOS GENERICOS;armazemdosgenericos@hotmail.com;Cliente fechou a loja.;Empresas inativas;2017-04-03 08:45:43;false;
1742;28224811000195;PANIFICADORA ROCHA LTDA;PANIFICADORA ROCHA;rochapanificadora_@outlook.com;Cliente não se adaptou ao sistema;Empresas inativas;2020-01-03 11:12:44;false;
1648;31319804000181;DROGARIA LEE FARMA LTDA;DROGARIA LEE FARMA;fpontadafruta@gmail.com;Cliente não entrou em contato para cancelamento, apenas deixou de usar o sistema.;Empresas inativas;2018-11-28 09:21:43;false;
1746;42485352000124;FARMACIA DESCONTAO TERRA BOA - EIRELI;FARMACIA DESCONTAO;descontaoterraboa@gmail.com;Cliente não entrou em contato para cancelamento, apenas deixou de usar o sistema.;Empresas inativas;2020-01-23 09:27:04;false;
1868;35644165000180;F. A. DE A. SANTOS COMERCIO & VARIEDADES;DONNA LU COSMÉTICOS E VARIEDAD;donalu.cosmetico@gmail.com;Fechamento da loja;Empresas inativas;2021-08-13 11:22:09;false;
1771;20112847000175;JOSIONE DE MOURA 00273338250;AUTO ELETRICA MUNDIAL;andre_jesus_salmos@hotmail.com;Cliente não se adaptou ao sistema;Empresas inativas;2020-06-24 07:38:18;false;
1744;33265750000144;KRAUSE & KRAUSE LTDA;FARMACIA KRAUSE;farmaciakrause@outlook.com;Cliente fechou a loja.;Empresas inativas;2020-01-15 13:25:50;false;
1625;06289479000104;DROGARIA CAMPOS E MARTINS LTDA - EPP;FARMACIA ULTRA BARATO;lider_contabilidade@hotmail.com;Cliente não entrou em contato para cancelamento, apenas deixou de usar o sistema.;Empresas inativas;2018-09-03 08:25:16;false;
1905;42322864000170;DROGARIA MARUIPE LTDA;DROGARIA MARUIPE LTDA;drogariamaruipe@gmail.com;Cliente não entrou em contato para cancelamento, apenas deixou de usar o sistema.;Empresas inativas;2022-01-10 11:26:22;false;
1994;48892135000135;Y MAGALHAES DROGARIA MAGALHAES;FARMACIA DO TRABALHADOR;yasmim.lm@live.com;Gerente não soube informar motivo do cancelamento.;Empresas inativas;2022-12-27 09:42:44;false;
1693;33699068000160;DROGARIA PAULO LTDA;DROGARIA CARLA;bfarmadrogaria@gmail.com;Fechamento da loja;Empresas inativas;2019-06-03 15:35:48;false;
1993;40462809000150;L. M. NEVES COMERCIO DE MEDICAMENTOS LTDA;DANIELFARMA;danielneves55@hotmail.com;Cliente fechou a loja.;Empresas inativas;2022-12-19 14:32:22;false;
1965;05333939000272;TOP FARMA SAO MATEUS LTDA ME.;TOP FARMA MATRIZ;topfarmafilial1@gmail.com;Contabilidade sugeriu que trocasse de sistema devido a parceria com outro sistema;Empresas inativas;2017-02-03 08:50:32;false;
1957;45650536000190;FPB TAQUARI COMERCIO DE MEDICAMENTOS LTDA - ME;FARMACIA PRECO BAIXO TAQUARALTO 04;fpb.taquari@gmail.com;Mudança de sistema para o Procfit (migração de toda Preço Baixo);Empresas inativas;2022-07-27 08:30:38;false;
1600;27690492000140;FARMACIA S ECONOMIA POSTO DA MATA LTDA;FARMACIAS ECONOMIA;rogerioalvesqueirozphl@gmail.com;Cliente não entrou em contato para cancelamento, apenas deixou de usar o sistema.;Empresas inativas;2018-05-03 08:56:43;false;
1556;07487930000160;MULTI DROGARIA LTDA ME;MULTI DROGARIA;multidrogaria@hotmail.com;Cliente fechou a loja.;Empresas inativas;2018-01-17 15:02:06;false;
2008;49330532000186;HYDRENERGY SOLUCOES SUSTENTAVEIS LTDA;HYDRENERGY SOLUCOES SUSTENTAVEIS;hydrenergy@yahoo.com;Fechamento da loja;Empresas inativas;2023-03-15 15:09:51;true;INATIVA
9999;35789331000137;FPB JOSE DE ANCHIETA COMERCIO DE MEDICAMENTOS LTDA;FPB JOSE DE ANCHIETA;fpb.josedeanchieta@gmail.com;Fechamento da loja;Empresas inativas;2020-05-13 15:14:55;false;
1819;39392220000143;COSTA MEDEIROS COMERCIAL FARMACEUTICA LTDA;DROGAMED DROGARIAS;drogamedirupi@hotmail.com;Cliente não se adaptou ao sistema;Empresas inativas;2021-02-12 08:12:21;false;
1559;36405231000122;DROGARIA MAIS VOCE LTDA;FARMADIAS FILIAL;drogariafarmed05@hotmail.com;Gerente não soube informar motivo do cancelamento.;Empresas inativas;2018-02-05 13:22:21;false;
1975;47015141000141;FPB LOANDA COMERCIO DE MEDICAMENTOS LTDA;FPB LOANDA COMERCIO DE MEDICAMENTOS LTDA;fpbloanda2@gmail.com;Mudança de sistema para o Procfit (migração de toda Preço Baixo);Empresas inativas;2022-09-29 09:59:28;false;
1760;37032094000190;FARMACIA PRECO BAIXO GOVERNADOR LINDENBERG LTDA;FARMACIA PRECO BAIXO GOVERNADOR LINDENBERG;fpbgovernadorlindemberg@gmail.com;Cliente fechou a loja.;Empresas inativas;2020-05-07 12:29:41;false;
1451;08912576000218;BASE LOGISTICA EMPREENDIMENTOS E SERVICOS LTDA;BASE LOG;fernanda@baselog.net.br;Cliente queria função que não existia no sistema.;Empresas inativas;2017-04-19 11:17:17;false;
1579;29116755000138;DROGARIA FONTOURA & GRECHI LTDA ME;DROGARIA DO POVO BRASILEIRO;farmaciadopovobrasileiro@outlook.com;Cliente fechou a loja.;Empresas inativas;2018-03-26 10:24:49;false;
1409;26354388000112;FPB CALAMA COMERCIO DE MEDICAMENTOS LTDA;FARMACIA PRECO BAIXO CALAMA;fpbcalama1@gmail.com;Loja foi vendida e novo dono aderiu a outro sistema;Empresas inativas;2016-12-22 13:07:49;false;
1833;39853164000105;FPB BARREIRAS 2 COMERCIO DE MEDICAMENTOS LTDA;FPB BARREIRAS 2;fpb.barreiras2@gmail.com;Cliente solicitou cancelamento, pois lojas desse mesmo sócio estão migrando para outro sistema.;Empresas inativas;2021-04-05 10:26:53;false;
1861;42441145000178;DROGARIA ZANI & BERNARDI LTDA;DROGARIA MAIS SAÚDE;drogariamaissaudesa@gmail.com;Cliente solicitou cancelamento, pois lojas desse mesmo sócio estão migrando para outro sistema.;Empresas inativas;2021-07-23 15:41:39;false;
1831;41275687000155;FARMACIA CARLOS E BACKER LTDA;FARMACIA ESPIRITO SANTO;espiritosanto.farm@gmail.com;Migração para rede que não utiliza Prosystem.;Empresas inativas;2021-03-26 16:09:34;false;
1386;09943849000173;DROGARIA ASSIS LTDA EPP;FARMACIA CATELAN;catelan@hotmail.com;Migração para rede que não utiliza Prosystem.;Empresas inativas;2016-11-07 11:30:37;false;
1657;06034842000140;MIRIAM DANTAS BARBOSA;FARMACIA POPULAR;m-dantas-barbosa@bol.com.br;Cliente não entrou em contato para cancelamento, apenas deixou de usar o sistema.;Empresas inativas;2019-01-03 08:55:48;false;
1591;26514264000157;DROGARIA TOTAL LTDA ME;Drogaria Total;drogariatotalfarme@gmail.com;Cliente fechou a loja.;Empresas inativas;2017-02-15 15:49:13;false;
1921;28574573000148;OTIMIZA PREVENCAO DE INCENDIO LTDA;OTIMIZA PREVENCAO DE INCENDIO;otimizafinanceiropi@gmail.com;Cliente não se adaptou ao sistema;Empresas inativas;2022-03-07 11:00:29;false;
1839;41053524000128;BIANCA PEREIRA PESSOA;DROGARIA ARAGAO;drogaria_aragao@hotmail.com;Cliente não entrou em contato para cancelamento, apenas deixou de usar o sistema.;Empresas inativas;2021-04-27 08:29:04;false;
1622;30682023000194;ADEMIR GALVAO;AUTO SERVICO BONFIM;autoservicobonfim@outlook.com;Cliente solicitou cancelamento, pois lojas desse mesmo sócio estão migrando para outro sistema.;Empresas inativas;2018-08-20 09:57:55;false;
1696;31557087000126;FERRO VELHO BR 262 LTDA;FERRO VELHO BR;ferrovelhobr262@outlook.com;Fechamento da loja;Empresas inativas;2019-06-11 09:57:30;false;
1455;15402189000116;FLICKA COMERCIO DE ARTIGOS DO VESTUARIO LTDA ME;FLICKA;lojaflicka@hotmail.com;(sem motivo registrado);Empresas inativas;2017-05-03 15:07:54;false;
2;05844353000191;J P COMUNICACAO VISUAL LTDA - ME;J P COMUNICACAO VISUAL LTDA - ME;;Fechamento da loja;Empresas inativas;2024-04-17 09:38:28;false;
1702;10234971000230;FARMACIA DO POVO EIREL;CENTRAL FARMA II;centralfarma2018@outlook.com;Cliente não se adaptou ao sistema;Empresas inativas;2019-07-18 16:17:38;false;
1919;44548836000109;FPB MARECHAL CANDIDO RONDON COMERCIO DE MEDICAMENT;FARMACIA PRECO BAIXO DE MARECHAL CANDIDO RONDON  2;fpb.mcr2@gmail.com;Loja foi vendida e novo dono aderiu a outro sistema;Empresas inativas;2022-03-08 12:32:24;false;
1862;41586119000175;FARMACIA RAMOS E SEIBERT LTDA;LIDER FARMA;liderfarmalanas@gmail.com;Cliente fechou a loja.;Empresas inativas;2021-07-26 15:38:02;false;
1802;38269400000170;FARMACIA PRECO BAIXO DE CACHOEIRO DE ITAPEMIRIM S;FARMACIA PRECO BAIXO DE CACHOEIRO DE ITAPEMIRIM;fpb.cachoeirodeitapemirim@gmail.com;Mudança de sistema para o Procfit (migração de toda Preço Baixo);Empresas inativas;2020-11-24 12:13:09;false;
1421;26071018000178;FPB ARIQUEMES 3 COMERCIO DE MEDICAMENTOS LTDA;FARMACIA PRECO BAIXO ARIQUEMES III;fpb.ariquemes3@gmail.com;Cliente não entrou em contato para cancelamento, apenas deixou de usar o sistema.;Empresas inativas;2017-01-20 14:40:34;false;
1825;35998350000173;VALEISA FARMA LTDA;VALENTINA FARMA;farmahelena@hotmail.com;Cliente fechou a loja.;Empresas inativas;2021-03-01 10:08:18;false;
1805;39405232000165;VERA L R LOUZADA EIRELI;DROGARIA DO BRYAN;frlouzada@gmail.com;Loja não chegou a aderir ao sistema.;Empresas inativas;2020-12-02 10:43:21;false;
1772;31022408000198;DROGARIA ASTOLPHO LTDA;DROGARIA ASTOLPHO;drogaria.astolpho@gmail.com;Cliente solicitou cancelamento, pois lojas desse mesmo sócio estão migrando para outro sistema.;Empresas inativas;2020-07-01 11:20:17;false;
1788;33848123000136;ALINE COMERCIO DE PRODUTOS FARMACEUTICOS LTDA;FARMACIA BOM PREÇO;fsbompreco@gmail.com;Cliente não entrou em contato para cancelamento, apenas deixou de usar o sistema.;Empresas inativas;2020-09-24 13:30:35;false;
1494;00134940000173;ANDRIFARMA DROGAS LTDA;FARMA CIS;farma.cis01@gmail.com;Cliente não entrou em contato para cancelamento, apenas deixou de usar o sistema.;Empresas inativas;2017-08-03 12:53:09;false;
1416;27427285000106;DROGARIA DOMINGOS MARTINS LTDA;ECOSPHARMA;ecospharmadm@gmail.com;(sem motivo registrado);Empresas inativas;2017-01-06 11:52:16;false;
1801;21337542000124;MARIN & BRANDAO COMERCIO DE PRODUTOS FARMACEUTICOS;FARMASHOPP;precobaixoaracruz@gmail.com;Cliente solicitou cancelamento, pois lojas desse mesmo sócio estão migrando para outro sistema.;Empresas inativas;2020-11-23 15:45:44;true;INATIVA
1448;26634291000163;FPB NOVA CACOAL CENTRO COMERCIO DE MEDICAMENTOS LT;FARMACIA PRECO BAIXO NOVA CACOAL;fpb.novacacoalcentro@gmail.com;Contabilidade sugeriu que trocasse de sistema devido a parceria com outro sistema;Empresas inativas;2017-03-24 18:35:48;false;
1897;43884421000135;FARMAREIS DO TRABALHADOR LTDA;FARMAREIS DO TRABALHADOR;farmareisdotrabalhador@gmail.com;Loja foi vendida e novo dono aderiu a outro sistema;Empresas inativas;2021-11-26 13:14:46;false;
1587;29867545000181;FPB NOVA ARIQUEMES COMERCIO DE MEDICAMENTOS LTDA;FPB NOVA ARIQUEMES;fpb.ariquemes4@gmail.com;Cliente fechou a loja.;Empresas inativas;2018-04-05 13:01:45;false;
1894;38052686000137;DROGARIA DICKES LTDA;DROGARIA BICALHO;drogariadickes@gmail.com;Gerente não soube informar motivo do cancelamento.;Empresas inativas;2021-11-12 13:38:28;false;
1880;26781990000217;FARMACIA GASPARINI & CASSARO LTDA;INOVA - PORTO CANOA  - FILIAL;gasparinicassaro@hotmail.com;Cliente insatisfeito com erro do sistema.;Empresas inativas;2021-09-03 09:46:57;false;
1763;34767335000151;ALVES & NASCIMENTO COMERCIO DE MEDICAMENTO LTDA;BRASIL FARMA;lnascimento@hotmail.com;Loja não chegou a aderir ao sistema.;Empresas inativas;2020-05-21 09:33:02;false;
2137;07568093000102;DROGARIA FARMAREAL LTDA;DROGARIA FARMAREAL;;Fechamento da loja;Empresas inativas;2025-04-09 14:26:51;false;
1707;31826309000169;MAYCON HENRIQUE DOS SANTOS DROGARIA BRASIL LTDA;DROGARIA BRASIL;brasildrogaria@hotmail.com;Cliente não entrou em contato para cancelamento, apenas deixou de usar o sistema.;Empresas inativas;2019-08-20 11:54:14;false;
1709;34542818000158;CAFS WINE & BEBIDAS LTDA.;CAFS WINE & BEBIDAS;carlitoswine@gmail.com;Fechamento da loja;Empresas inativas;2019-09-10 10:54:27;false;
1972;45983188000173;DROGARIA RIBEIRO COMERCIO DE MEDICAMENTOS LTDA;DROGARIA RIBEIRO;drogariaribeiro2022@hotmail.com;cliente solicitou suspensão do contrato pois fará mudança de endereço;Empresas inativas;2022-09-21 08:43:52;false;
1855;18084348000170;DROGARIA MAIA E OLIVEIRA LTDA;DROGARIA MENOR PRECO;menorpreco2019@gmail.com;Cliente solicitou cancelamento, pois lojas desse mesmo sócio estão migrando para outro sistema.;Empresas inativas;2019-02-19 11:14:36;false;
1460;27284663000131;SFM FARMACIA E PERFUMARIA LTDA ME;VILA FARMA VALE ENCANTADO;vilafarma.adm@hotmail.com;(sem motivo registrado);Empresas inativas;2017-06-21 14:51:23;false;
1755;36022643000183;FPB AURENY COMERCIO DE MEDICAMENTOS LTDA;FARMACIA PRECO BAIXO TAQUARALTO 3;fpb.aureny@gmail.com;Mudança de sistema para o Procfit (migração de toda Preço Baixo);Empresas inativas;2020-03-31 15:20:11;false;
1467;31456171000153;LUIZ C. BATISTA - MAT. C. CARLOS BATISTA ME;BATISTA MATERIAL DE CONSTRUÇÃO;materialbatista12@hotmail.com;Cliente não entrou em contato para cancelamento, apenas deixou de usar o sistema.;Empresas inativas;2017-06-12 10:11:29;false;
1751;13500135000168;MEDEIROS E SILVA COMERCIO FARMACEUTICO LTDA;FARMACIA MIX PAG MENOS;laiza.medeiros@hotmail.com.br;Cliente não entrou em contato para cancelamento, apenas deixou de usar o sistema.;Empresas inativas;2020-02-20 07:53:52;false;
1464;26096031000181;RIO JORDAO DROGARIA E PERFUMARIA LTDA;RIO JORDAO DROGARIA E PERFUMARIA;riojordaodrogariaeperfumaria@gmail.com;Cliente queria sistema que pudesse realizar suporte na loja.;Empresas inativas;2017-05-26 16:17:09;false;
1546;28402087000142;IBATIBA FARMACIA IDEAL EIRELI ME;FARMACIA IDEAL;ibatiba.ideal@hotmail.com;Loja foi vendida e novo dono aderiu a outro sistema;Empresas inativas;2018-01-08 13:23:34;false;
1829;19526317000194;DROGARIA ITAPEMIRIM EIRELI;DROGARIA ITAPEMIRIM;drogariaitapemirimeireli@yahoo.com;Cliente queria função que não existia no sistema.;Empresas inativas;2021-03-22 16:16:55;false;
1699;33794096000166;HELIO DOS SANTOS DE OLIVEIRA JUNIOR;NOVA FARMACIA;helinho.icm@gmail.com;Gerente não soube informar motivo do cancelamento.;Empresas inativas;2019-06-28 08:39:44;false;
1936;44167135000111;DROGARIA MELHOR PRECO IUNA LTDA;DROGARIA MELHOR PRECO OLIVEIRA E QUARTO LTDA;Melhorprecoiuna@gmail.com;Fechamento da loja;Empresas inativas;2022-04-28 09:53:42;false;
1690;32447341000104;FPP ALEXANIA COMERCIO DE MEDICAMENTOS LTDA;FARMACIA PRECINHO POPULAR ALEXANIA;fpp.alexania@gmail.com;Gerente não soube informar motivo do cancelamento.;Empresas inativas;2019-05-15 08:37:21;false;
1879;26781990000136;FARMACIA GASPARINI & CASSARO LTDA EPP;INOVA - PORTO CANOA - MATRIZ;gasparinicassaro@hotmail.com;Cliente insatisfeito com erro do sistema.;Empresas inativas;2021-09-03 09:46:08;false;
1452;27289484000197;FPB KOBRASOL COMERCIO DE MEDICAMENTOS LTDA - ME;FARMACIA PRECO BAIXO KOBRASOL;financeiro@prosystemnet.com.br;(sem motivo registrado);Empresas inativas;2017-04-25 10:08:32;false;
1544;10625816000164;RESPIRAR COMERCIO DE PRODUTOS MEDICOS E HOSPITALA;RESPIRAR PRODUTOS MEDICO-HOSPITALARES;respirar-es@hotmail.com;Cliente fechou a loja.;Empresas inativas;2017-12-29 10:46:13;false;
1928;34346215000180;DROGARIA NOVAFARMA LTDA;DROGARIA NOVAFARMA LTDA;novafarma.sb@gmail.com;Cliente buscou sistema mais barato.;Empresas inativas;2022-04-07 13:22:25;false;
1512;27456300000136;QUIMICA INDUSTRIAL SANTA MARCIA LTDA ME;QSM;quimicasantamarcia@hotmail.com;(sem motivo registrado);Empresas inativas;2017-09-06 15:38:09;false;
1904;42341939000160;MADERAM COMERCIO SERVICOS EIRELI;MADERAM COMERCIO SERVICOS EIRELI;aragaomadeiras@gmail.com;Cliente fechou a loja.;Empresas inativas;2021-12-28 12:02:09;false;
1594;21609876000100;LUSTOSA TINTAS LTDA ME;BRASILUX  TINTAS;financeiro@lustosatintas.com.br;Cliente queria função que não existia no sistema.;Empresas inativas;2018-04-17 16:16:09;false;
1684;33163301000195;DROGARIA N. S. APARECIDA LTDA;FARMACIA TREVO 4;farmaciatrevoad@hotmail.com;Cliente solicitou cancelamento, pois lojas desse mesmo sócio estão migrando para outro sistema.;Empresas inativas;2019-04-18 09:01:32;false;
1447;27129946000109;DROGARIA DIVINO ESPIRITO SANTO LTDA EPP;FARMACIA TREVO II;farmaciatrevojm@gmail.com;Cliente solicitou cancelamento, pois lojas desse mesmo sócio estão migrando para outro sistema.;Empresas inativas;2017-03-24 17:45:11;false;
1706;32661959000164;FPP CIDADE OCIDENTAL COMERCIO DE MEDICAMENTOS LTDA;FARMACIA PRECINHO POPULAR OCIDENTAL;fpp.ocidental@gmail.com;Cliente solicitou cancelamento, pois lojas desse mesmo sócio estão migrando para outro sistema.;Empresas inativas;2019-08-02 14:15:57;false;
2042;06978386000197;SUPER POPULAR COMERCIO DE MEDICAMENTO LTDA;SUPER POPULAR COMERCIO DE MEDICAMENTO LTDA;superpopularnvu@gmail.com;Loja foi vendida e novo dono aderiu a outro sistema;Empresas inativas;2023-08-10 10:59:33;true;INATIVA
1877;50156119000126;G GONCALVES DROGARIA PRECO BOM;DROGARIA PRECO BOM;goncalvesgleidson09@gmail.com;Fechamento da loja;Empresas inativas;2021-08-31 08:57:05;false;
1380;24715238000161;L.S. GOMES DROGARIA ME;DROGARIA SALLES;drogariasalles7@gmail.com;Cliente solicitou cancelamento, pois lojas desse mesmo sócio estão migrando para outro sistema.;Empresas inativas;2016-11-07 08:55:31;false;
1882;43606835000100;DROGARIA E PERFUMARIA PANORAMA LTDA;DROGARIA E PERFUMARIA PANORAMA;cardosojuliocezar08@gmail.com;Cliente não entrou em contato para cancelamento, apenas deixou de usar o sistema.;Empresas inativas;2021-09-14 15:12:15;false;
1661;05057770000194;PHARMACEUTICA MEDICAMENTOS LTDA-ME;PHARMACEUTICA MEDICAMENTOS;pharmaceuticamedicamentos@gmail.com;Cliente não se adaptou ao sistema;Empresas inativas;2019-02-06 11:27:54;false;
1947;10389643000122;N M DE LIMA JUNIOR COMERCIO IMPORTACAO E EXPORTACA;DROGARIA MAMORE;drogariamamoregm@gmail.com;Cliente não entrou em contato para cancelamento, apenas deixou de usar o sistema.;Empresas inativas;2022-06-02 15:16:41;false;
1845;41289800000151;COMERCIO VAREJISTA DE BEBIDAS DO PAULO LTDA;DISK CERVEJA DO PAULO;diskcervejadopaulo@hotmail.com;Cliente não entrou em contato para cancelamento, apenas deixou de usar o sistema.;Empresas inativas;2021-05-31 12:45:33;false;
1781;04855824000102;NETWORK SAUDE DISTRIBUIDORA DE MEDICAMENTOS LTDA;NETWORK SAUDE;networksaude@outlook.com;Fechamento da loja;Empresas inativas;2020-08-07 09:37:20;false;
1487;27482683000117;FPB TERRA ROXA COMERCIO DE MEDICAMENTOS LTDA;FARMACIA PRECO BAIXO TERRA ROXA;fpb.terraroxa@gmail.com;Cliente insatisfeito com erro do sistema.;Empresas inativas;2017-07-20 13:20:52;false;
1470;28437713000136;DROGARIA SILVANA LTDA EPP;DROGARIA SILVANA;drogariasilvanaruasete@gmail.com;Gerente não soube informar motivo do cancelamento.;Empresas inativas;2017-06-16 09:01:15;false;
1777;37536438000107;FARMACIA SAO CONRADO LTDA;FARMACIA SAO CONRADO LTDA;saoconrado216@gmail.com;Fechamento da loja;Empresas inativas;2020-07-29 15:41:51;false;
1382;16874127000170;PADARIA E CONFEITARIA CENTRAL LTDA ME;PANETTERIA;panetteriapadaria@gmail.com;Cliente não entrou em contato para cancelamento, apenas deixou de usar o sistema.;Empresas inativas;2016-11-28 11:57:39;false;
2085;44413197000247;MADUREIRA COMERCIO DE PROUTOS FARMACEUTICOS LTDA .;FARMACIA MADUREIRA;deliojr1@hotmail.com;Fechamento da loja;Empresas inativas;2024-05-16 11:48:11;false;
1687;32481864000169;FPP PEROLA AGUAS LINDAS COMERCIO DE MEDICAMENTOS L;FARMACIA PRECINHO POPULAR PEROLA;fpp.perola@gmail.com;Cliente solicitou cancelamento, pois lojas desse mesmo sócio estão migrando para outro sistema.;Empresas inativas;2019-04-24 14:56:55;false;
1538;09316777000134;FURTADO & FURTADO LTDA - ME;FARMACIA SUPER POPULAR;asselma_furtado@hotmail.com;(sem motivo registrado);Empresas inativas;2017-12-29 10:41:12;false;
1998;46808165000195;SUPERMERCADO COSTIERO LTDA;SUPERMERCADO COSTIERO;supermercadocostiero@gmail.com;Fechamento da loja;Empresas inativas;2023-01-06 13:08:17;false;
1399;26244741000101;TOTAL PAN COMERCIO EM GERAL LTDA ME;TOTAL PAN;totalpanpiuma@hotmail.com;Cliente não entrou em contato para cancelamento, apenas deixou de usar o sistema.;Empresas inativas;2016-12-06 10:29:44;false;
1951;46899034000160;MATTOS E SANT ANNA LTDA;FARMACIA ANCHIETA;farmaciaanchietacentro@gmail.com;Cliente fechou a loja.;Empresas inativas;2022-07-04 11:26:33;false;
1698;50786815000116;DROGARIA BRITO LTDA;DROGARIA BRITO LTDA;drogariabritocachoeiro@gmail.com;Cliente solicitou cancelamento, pois lojas desse mesmo sócio estão migrando para outro sistema.;Empresas inativas;2019-06-12 13:55:51;false;
1652;31958959000168;RIBEIRO LIMA & DUTRA COMERCIO DE PRODUTOS FARMACEU;DROGARIA MEGA POPULAR GM 2;megapopulargm2@gmail.com;Migração para rede que não utiliza Prosystem.;Empresas inativas;2018-12-06 09:28:28;false;
1474;27947596000198;PERFUMARIA E COSMETICOS SILVA LTDA ME;PERFUMARIA E COSMETICOS SILVA LTDA ME;silvaperfcosmeticos@gmail.com;(sem motivo registrado);Empresas inativas;2017-06-23 16:36:51;false;
1592;34775866000196;FARMA BOM JESUS EIRELI - EPP;FARMACIA BOM JESUS - MATRIZ;fbjjesus@hotmail.com;Cliente queria função que não existia no sistema.;Empresas inativas;2018-04-17 16:13:39;false;
1583;05474453000173;CORREA & CLEMENTE LTDA ME;FARMACIA DO JACO;jacocorra10@hotmail.com;Loja não chegou a aderir ao sistema.;Empresas inativas;2018-03-26 14:07:50;false;
1847;07985024000277;CAMPO RURAL AGRICOLA EIRELI;CAMPO RURAL AGRICOLA filial;camporural.fatima@gmail.com;Cliente fechou a loja.;Empresas inativas;2021-06-10 10:54:47;false;
1719;34775802000195;DROGARIA REDE BOM PRECO CENTRO MARATAIZES LTDA;DROGARIA REDE BOM PRECO - CENTRO;drogariabomprecopontal@gmail.com;Cliente fechou a loja.;Empresas inativas;2019-10-11 09:44:51;false;